old_file_name	new_file_name	ascidian_msp1	ascidian_msp2	ascidian_msp3	Asteroidea	beige_bivalve_msp1	branching_red_algae_msp1	branching_red_algae_msp2	brown_bivalve_msp3	carrot_star_msp4	clam_msp2	desmarestia_msp1	desmarestia_msp2	Echiura	fine_orange_msp4	finger_sponge_msp1	glitter_star_msp3	green_encr_algae	himantothallus_msp1	laternula	light_brown_star_msp15	limpet_msp1	limpet_msp2	Macroalgae	medium_yellow_star_msp13	orange_blob_msp5	parborlasia_aggr	parborlasia_corrugatus	pink_encr_algae	pink_star_msp1	red_or_brown_sheet_algae	red_sheet_msp1	skinny_yellow_star_msp10	spiky_ball_sponge_msp6	urchin_msp1	VME_unknown	Worms	yellow_anemone_msp2	yellow_blob_msp2
TANGO1_ROV13_q1_whole.tif1	TANGO1_ROV13_q1_whole.tif	0	0	0	0	0	0	0	0	0	0	0	0	0	0	0	0	0	0	2	0	0	0	0	0	0	0	0	0	2	0	0	0	0	0	0	0	0	0
TANGO1_ROV13_q1_whole.tif10	TANGO1_ROV13_q1_whole.tif	0	0	0	0	0	0	0	0	0	0	1.01152233985231	0	0	0	0	0	0	0	2	0	0	0	0	0	0	0	0	0	11	0	15.4595479977615	0	0	0	0	0	0	0
TANGO1_ROV13_q1_whole.tif11	TANGO1_ROV13_q1_whole.tif	0	0	0	0	0	0	0	0	0	0	0	0	0	0	0	0	0	0	3	0	0	0	0	0	0	0	0	0	10	0	0	0	0	0	0	0	0	0
TANGO1_ROV13_q1_whole.tif12	TANGO1_ROV13_q1_whole.tif	0	0	0	0	0	0	0	0	0	0	0	0	0	0	0	0	0	0	11	0	0	0	0	0	0	0	1	0	7	0	2.23931804881079	0	0	0	0	0	0	0
TANGO1_ROV13_q1_whole.tif13	TANGO1_ROV13_q1_whole.tif	0	0	0	0	0	0	0	0	0	0	0	0	0	0	0	0	0	6.05788227086167	25	0	0	0	0	0	0	0	1	0	3	0	8.22888903405833	0	0	0	0	0	0	0
TANGO1_ROV13_q1_whole.tif14	TANGO1_ROV13_q1_whole.tif	0	0	0	0	0	0	0	0	0	0	10.2752217110834	0	0	0	0	0	0	20.7819489104049	7	0	0	0	0	1	0	0	0	1.10767995241844	12	0	7.84186727583736	0	0	0	0	0	0	0
TANGO1_ROV13_q1_whole.tif15	TANGO1_ROV13_q1_whole.tif	0	0	0	0	0	0	0	0	0	0	12.9544338850288	0	0	0	0	0	0	14.7240666395432	8	0	0	0	0	0	0	0	0	0.943107722893644	10	0	0.209631010539308	0	0	0	0	0	0	0
TANGO1_ROV13_q1_whole.tif16	TANGO1_ROV13_q1_whole.tif	0	0	0	0	0	0	0	0	0	0	0	0	0	0	0	0	0	0	0	0	0	0	0	0	0	0	0	0	5	0	0.19800721713208	0	0	0	0	0	0	0
TANGO1_ROV13_q1_whole.tif17	TANGO1_ROV13_q1_whole.tif	0	0	0	0	0	0	0	0	0	0	0	0	0	0	0	0	0	0	2	0	0	0	0	0	0	0	0	0	5	0	0.19800721713208	0	0	0	0	0	0	0
TANGO1_ROV13_q1_whole.tif18	TANGO1_ROV13_q1_whole.tif	0	0	0	0	0	0	0	0	0	0	0	0	0	0	0	0	0	0	2	0	0	0	0	0	0	0	0	0	12	0	4.66946875375967	0	0	0	0	0	0	0
TANGO1_ROV13_q1_whole.tif19	TANGO1_ROV13_q1_whole.tif	0	0	0	0	1	0	0	0	0	0	0	0	0	0	0	0	0	1.71587150040361	0	0	0	0	0	0	0	0	0	0	4	0	0	0	0	0	0	0	0	0
TANGO1_ROV13_q1_whole.tif2	TANGO1_ROV13_q1_whole.tif	0	0	0	0	0	0	0	0	0	0	0	0	0	0	0	0	0	0	1	0	0	0	0	0	0	0	0	1.42743272312992	1	0	0	0	0	0	0	0	0	0
TANGO1_ROV13_q1_whole.tif20	TANGO1_ROV13_q1_whole.tif	0	0	0	0	0	0	0	0	0	0	0	7.72692123475256	0	0	0	0	0	6.05788227086167	6	0	0	0	0	0	0	0	0	0	12	0	0.985601998190964	0	0	4	0	0	0	0
TANGO1_ROV13_q1_whole.tif21	TANGO1_ROV13_q1_whole.tif	0	0	0	0	0	0	0	0	0	0	3.55504699767955	0	0	0	0	0	0	0	21	0	0	0	0	0	0	0	0	0	2	0	0.892773030957499	0	0	0	0	0	0	0
TANGO1_ROV13_q1_whole.tif22	TANGO1_ROV13_q1_whole.tif	0	0	0	0	0	0	0	0	0	0	0	0	0	0	0	0	0	0	2	0	0	0	0	0	0	0	0	0	8	0	0	0	0	0	0	0	0	0
TANGO1_ROV13_q1_whole.tif23	TANGO1_ROV13_q1_whole.tif	0	0	0	0	0	0	0	0	0	0	0	0	0	0	0	0	0	0	6	0	0	0	0	0	0	0	0	0	5	0	0.912598655878469	0	0	0	0	0	0	0
TANGO1_ROV13_q1_whole.tif24	TANGO1_ROV13_q1_whole.tif	0	0	0	0	0	0	0	0	0	0	0	0	0	0	0	0	0	0	9	0	0	0	0	0	0	0	0	0	7	0	0	0	0	0	0	0	0	0
TANGO1_ROV13_q1_whole.tif25	TANGO1_ROV13_q1_whole.tif	0	0	0	0	0	0	0	0	0	0	0.477112179532321	0	0	0	0	0	0	0	21	0	0	0	0	0	0	0	0	0	7	0	2.22408720439893	0	0	0	0	0	0	0
TANGO1_ROV13_q1_whole.tif26	TANGO1_ROV13_q1_whole.tif	0	0	0	0	0	0	0	0	0	0	9.49216611557218	3.90401399739212	0	0	0	0	0	0	10	0	0	0	0	0	0	0	1	0	4	0	1.38005204948433	0	0	0	0	0	0	0
TANGO1_ROV13_q1_whole.tif27	TANGO1_ROV13_q1_whole.tif	0	0	0	0	0	0	0	0	0	0	4.12371689957019	3.90401399739212	0	0	0	0	0	0	68	0	0	0	0	0	0	1	1	1.70307062700587	19	0	2.20961190535557	0	0	0	0	0	0	0
TANGO1_ROV13_q1_whole.tif28	TANGO1_ROV13_q1_whole.tif	0	0	0	0	0	0	0	0	0	0	0.477112179532321	0	0	0	0	0	0	0	34	0	0	0	0	0	0	0	0	0	3	0	1.33131417344143	0	0	0	0	0	0	0
TANGO1_ROV13_q1_whole.tif29	TANGO1_ROV13_q1_whole.tif	0	0	0	0	0	0	0	0	0	0	0	0	0	0	0	0	0	0	8	0	0	0	0	0	0	0	0	0	3	0	0	0	0	0	0	0	0	0
TANGO1_ROV13_q1_whole.tif3	TANGO1_ROV13_q1_whole.tif	0	0	0	0	0	0	0	0	0	0	0	0	0	0	0	0	0	0	22	0	0	1	0	0	0	0	0	2.7070567412194	8	0	0.225044567015199	0	0	0	0	0	0	0
TANGO1_ROV13_q1_whole.tif30	TANGO1_ROV13_q1_whole.tif	0	0	0	0	0	0	0	0	0	0	0	0	0	0	0	0	0	0	0	0	0	0	0	0	0	0	0	0	3	0	0	0	0	0	0	0	0	0
TANGO1_ROV13_q1_whole.tif31	TANGO1_ROV13_q1_whole.tif	0	0	0	0	0	0	0	0	0	0	0	0	0	0	0	0	0	0	19	0	0	1	0	0	0	0	0	0	2	0	0	0	0	0	0	0	0	0
TANGO1_ROV13_q1_whole.tif32	TANGO1_ROV13_q1_whole.tif	0	0	0	0	0	0	0	0	0	0	0.61117415434156	0	0	0	0	0	0	0	3	0	0	0	0	0	0	0	0	0.120016535814804	8	0	2.38900946075107	0	0	0	0	0	0	0
TANGO1_ROV13_q1_whole.tif33	TANGO1_ROV13_q1_whole.tif	0	0	0	0	0	0	0	0	0	0	0	0	0	0	0	0	0	0	7	0	0	0	0	0	0	0	0	0	0	0	0	0	0	0	0	0	0	0
TANGO1_ROV13_q1_whole.tif34	TANGO1_ROV13_q1_whole.tif	0	0	0	0	0	0	0	0	0	0	0	0	0	0	0	0	0	0	6	0	0	4	0	0	0	0	0	0	1	0	0	0	0	0	0	0	0	0
TANGO1_ROV13_q1_whole.tif35	TANGO1_ROV13_q1_whole.tif	0	0	0	0	0	0	0	0	0	0	0	0	0	0	0	0	0	0	4	0	0	3	0	0	0	0	0	0	0	0	0	0	0	0	0	0	0	0
TANGO1_ROV13_q1_whole.tif36	TANGO1_ROV13_q1_whole.tif	0	0	0	0	0	0	0	0	0	0	0	0	0	0	0	0	0	0	1	0	0	1	0	0	0	0	1	0	7	0	0	0	0	0	0	0	0	0
TANGO1_ROV13_q1_whole.tif37	TANGO1_ROV13_q1_whole.tif	0	0	0	0	0	0	0	0	0	0	0	0	0	0	0	0	0	6.05788227086167	5	0	0	0	0	0	0	0	0	0	9	0	0.486969035782303	0	0	0	0	0	0	0
TANGO1_ROV13_q1_whole.tif38	TANGO1_ROV13_q1_whole.tif	0	0	0	0	0	0	0	0	0	0	0	0	0	0	0	0	0	0	1	0	0	0	0	0	0	0	0	0	2	0	0	0	0	0	0	0	0	0
TANGO1_ROV13_q1_whole.tif4	TANGO1_ROV13_q1_whole.tif	0	0	0	0	0	0	0	0	0	0	0	0	0	0	0	0	0	0	8	0	0	0	0	0	0	0	0	0	4	0	4.64667107255437	0	0	1	0	0	0	0
TANGO1_ROV13_q1_whole.tif5	TANGO1_ROV13_q1_whole.tif	0	0	0	0	0	0	0	0	0	0	0	0	0	0	0	0	0	0	14	0	0	0	0	0	0	0	0	3.94825829299502	8	0	2.5647549691717	0	0	0	0	0	0	0
TANGO1_ROV13_q1_whole.tif6	TANGO1_ROV13_q1_whole.tif	0	0	0	0	0	0	0	0	0	0	0	0	0	0	0	0	0	0	78	0	1	0	0	0	0	0	1	0	8	0	0.853790860955377	0	0	0	0	0	0	0.644084201192448
TANGO1_ROV13_q1_whole.tif7	TANGO1_ROV13_q1_whole.tif	0	0	0	0	0	0	0	0	0	0	22.3730567757909	0	0	0	0	0	0	4.08852247848501	32	0	0	0	0	0	0	0	0	0.0895220344749106	8	0	9.5537761463213	0	0	0	0	0	0	0
TANGO1_ROV13_q1_whole.tif8	TANGO1_ROV13_q1_whole.tif	0	0	0	0	0	0	0	0	0	0	14.3650981150886	2.05959946717388	0	0	0	0	0	7.62597501673588	1	0	0	0	0	0	0	0	0	4.95784711071574	2	0	8.33311729933548	0	0	0	0	0	0	0
TANGO1_ROV13_q1_whole.tif9	TANGO1_ROV13_q1_whole.tif	0	0	0	0	0	0	0	0	0	0	2.29070824184646	0	0	0	0	0	0	0	0	0	0	0	0	0	0	0	0	0	7	0	15.4595479977615	0	0	0	0	0	0	0
TANGO1_ROV13_q2_ortho_whole.tif1	TANGO1_ROV13_q2_ortho_whole.tif	0	0	0	0	0	0	0.32308483458016	0	0	0	0	0	0	0	0	0	0	0	2	0	0	0	0	0	0	0	0	0	1	0	0	0	0	0	0	0	0	0
TANGO1_ROV13_q2_ortho_whole.tif10	TANGO1_ROV13_q2_ortho_whole.tif	0	0	0	0	0	0	0	0	0	0	0	0	0	0	0	0	0	50.3448679243361	5	0	0	0	0	0	0	0	0	0	0	0	5.32433495560309	0	0	0	0	0	0	0
TANGO1_ROV13_q2_ortho_whole.tif11	TANGO1_ROV13_q2_ortho_whole.tif	0	0	0	0	0	0	0	0	0	0	0	0	0	0	0	0	0	50.3448679243361	0	0	0	0	0	0	0	0	0	0	0	0	11.580338905338	0	0	0	0	0	0	0
TANGO1_ROV13_q2_ortho_whole.tif12	TANGO1_ROV13_q2_ortho_whole.tif	0	0	0	0	0	0	0	0	0	0	0	0	0	0	0	0	0	50.3448679243361	0	0	0	0	0	0	0	0	0	0	0	0	9.16465374083615	0	0	0	0	0	0	0
TANGO1_ROV13_q2_ortho_whole.tif13	TANGO1_ROV13_q2_ortho_whole.tif	0	0	0	0	0	0	0	0	0	0	0	0	0	0	0	0	0	50.3448679243361	2	0	0	0	0	0	0	0	0	8.202734790521	0	0	6.62041712370196	0	0	0	0	0	2	0
TANGO1_ROV13_q2_ortho_whole.tif14	TANGO1_ROV13_q2_ortho_whole.tif	0	0	0	0	0	0	0.599797020512092	0	0	0	21.0688587322361	0	0	0	0	0	0	0	1	0	0	0	0	0	0	0	0	0	2	0	0	0	0	0	0	0	0	0
TANGO1_ROV13_q2_ortho_whole.tif15	TANGO1_ROV13_q2_ortho_whole.tif	0	0	0	0	0	0	0	0	0	0	21.0688587322361	0	0	0	0	0	0	0	0	0	0	0	0	0	0	0	0	0	0	0	0	0	0	0	0	0	0	0
TANGO1_ROV13_q2_ortho_whole.tif16	TANGO1_ROV13_q2_ortho_whole.tif	0	0	0	0	0	0	0	0	0	0	21.7665911715734	0	0	0	0	0	0	50.3448679243361	3	0	0	0	0	0	0	0	0	0	0	0	0	0	0	0	0	0	0	0
TANGO1_ROV13_q2_ortho_whole.tif17	TANGO1_ROV13_q2_ortho_whole.tif	0	0	0	0	0	0	0	0	0	0	0.697732439337364	0	0	0	0	0	0	62.505917451522	1	0	0	0	0	0	0	0	0	0.735531236214134	3	0	20.6683445617316	0	0	0	0	0	0	0
TANGO1_ROV13_q2_ortho_whole.tif18	TANGO1_ROV13_q2_ortho_whole.tif	0	0	0	0	0	0	0.675546222577441	0	0	0	0	0	0	0	0	0	0	63.3095127215482	0	0	0	0	0	0	0	0	0	0	0	0	39.1141989412132	0	0	0	0	0	0	0
TANGO1_ROV13_q2_ortho_whole.tif19	TANGO1_ROV13_q2_ortho_whole.tif	0	0	0	0	0	0	0	0	0	0	20.6763572431097	0	0	0	0	0	0	0	0	0	0	0	0	0	0	0	0	0	0	0	0	0	0	0	0	0	0	0
TANGO1_ROV13_q2_ortho_whole.tif2	TANGO1_ROV13_q2_ortho_whole.tif	0	0	0	0	0	0	0.564317407016552	0	0	0	0	0	0	0	0	0	0	0	1	0	0	0	0	0	0	0	0	0	0	0	0	0	0	0	0	0	0	0
TANGO1_ROV13_q2_ortho_whole.tif20	TANGO1_ROV13_q2_ortho_whole.tif	0	0	0	0	0	0	0	0	0	0	20.6763572431097	0	0	0	0	0	0	0	0	0	0	0	0	0	0	0	0	0	2	0	0	0	0	0	0	0	0	0
TANGO1_ROV13_q2_ortho_whole.tif21	TANGO1_ROV13_q2_ortho_whole.tif	0	0	0	0	0	0	0	0	0	0	21.0688587322361	0	0	0	0	0	0	50.3448679243361	0	0	0	0	0	0	0	0	0	0	0	0	0	0	0	0	0	0	0	0
TANGO1_ROV13_q2_ortho_whole.tif22	TANGO1_ROV13_q2_ortho_whole.tif	0	0	0	0	0	3.15436307744611	0	0	0	0	0	0	0	0	0	0	0	62.505917451522	4	0	0	0	0	0	0	0	0	0	1	0	4.13166124228256	0	0	0	1	0	0	0
TANGO1_ROV13_q2_ortho_whole.tif23	TANGO1_ROV13_q2_ortho_whole.tif	0	0	0	0	0	0	0.675546222577441	0	0	0	0	0	0	0	0	0	0	25.1256943243981	0	0	0	0	0	0	0	0	0	0	1	0	24.8000058040142	0	0	0	0	0	0	0
TANGO1_ROV13_q2_ortho_whole.tif24	TANGO1_ROV13_q2_ortho_whole.tif	0	0	0	0	0	0	0	0	0	0	0	0	0	0	0	0	0	12.9646447972121	0	0	0	0	0	0	0	0	0	0	0	0	78.1419403701489	0	0	0	0	0	0	0
TANGO1_ROV13_q2_ortho_whole.tif25	TANGO1_ROV13_q2_ortho_whole.tif	0	0	0	0	0	0	0	0	0	0	0	0	0	0	0	0	0	0	0	0	0	0	0	0	0	0	0	0	2	0	59.6960859906674	0	0	0	0	0	0	0
TANGO1_ROV13_q2_ortho_whole.tif26	TANGO1_ROV13_q2_ortho_whole.tif	0	0	0	0	0	0	0	0	0	0	0	0	0	0	0	0	0	24.7475912848598	0	0	1	0	0	0	0	0	0	14.0777797054992	0	0	4.13166124228256	0	0	0	2	0	0	0
TANGO1_ROV13_q2_ortho_whole.tif27	TANGO1_ROV13_q2_ortho_whole.tif	0	0	0	0	0	0	0	0	0	0	0	0	0	0	0	0	0	12.5865417576738	3	0	0	0	0	0	0	0	0	14.0777797054992	0	0	0	0	0	0	1	0	0	0
TANGO1_ROV13_q2_ortho_whole.tif28	TANGO1_ROV13_q2_ortho_whole.tif	0	0	0	0	0	0	0	0	0	0	0	0	0	0	0	0	0	15.5808900113235	0	0	2	0	0	0	0	0	0	35.8736995879383	0	0	15.4167247621795	0	0	0	0	0	0	0
TANGO1_ROV13_q2_ortho_whole.tif29	TANGO1_ROV13_q2_ortho_whole.tif	0	0	0	0	0	0	0	0	0	0	0	0	0	0	0	0	0	12.5865417576738	0	0	1	0	0	0	0	0	0	14.0777797054992	1	0	15.4167247621795	0	0	0	0	0	0	0
TANGO1_ROV13_q2_ortho_whole.tif3	TANGO1_ROV13_q2_ortho_whole.tif	0	0	0	0	0	0	0.241232572436392	0	0	0	0	0	0	0	0	0	0	0	0	0	0	0	0	0	0	0	0	0	2	0	0	0	0	0	0	0	0	0
TANGO1_ROV13_q2_ortho_whole.tif30	TANGO1_ROV13_q2_ortho_whole.tif	0	0	0	0	0	0	0	0	0	0	20.6763572431097	0	0	0	0	0	0	0	0	0	0	0	0	0	0	0	0	0	0	0	0	0	0	0	0	0	0	0
TANGO1_ROV13_q2_ortho_whole.tif31	TANGO1_ROV13_q2_ortho_whole.tif	0	0	0	0	0	0	0	0	0	0	20.6763572431097	0	0	0	0	0	0	0	0	0	0	0	0	0	0	0	0	0	0	0	0	0	0	0	0	0	0	0
TANGO1_ROV13_q2_ortho_whole.tif32	TANGO1_ROV13_q2_ortho_whole.tif	0	0	0	0	0	0	0	0	0	0	20.6763572431097	0	0	0	0	0	0	0	0	0	0	0	0	0	0	0	0	0	2	0	0	0	0	0	0	0	0	0
TANGO1_ROV13_q2_ortho_whole.tif33	TANGO1_ROV13_q2_ortho_whole.tif	0	0	0	0	0	0	0	0	0	0	0	0	0	0	0	0	0	31.2452223925068	0	0	0	0	0	0	0	0	0	0	1	0	14.4872090063586	0	0	0	1	0	0	0
TANGO1_ROV13_q2_ortho_whole.tif34	TANGO1_ROV13_q2_ortho_whole.tif	0	0	0	0	0	0	0	0	0	0	20.6763572431097	0	0	0	0	0	0	0	0	0	0	0	0	0	0	0	0	0	2	0	0	0	0	0	0	0	0	0
TANGO1_ROV13_q2_ortho_whole.tif35	TANGO1_ROV13_q2_ortho_whole.tif	0	0	0	0	0	0	0	0	0	0	41.9922252828029	0	0	0	0	0	0	0	1	0	0	0	0	0	0	0	0	0	0	0	3.35775050927686	0	0	0	0	0	0	0
TANGO1_ROV13_q2_ortho_whole.tif36	TANGO1_ROV13_q2_ortho_whole.tif	0	0	0	0	0	0	0	0	0	0	0	0	0	0	0	0	0	0	0	0	0	0	0	0	0	0	0	0	2	0	0	0	0	0	0	0	0	0
TANGO1_ROV13_q2_ortho_whole.tif37	TANGO1_ROV13_q2_ortho_whole.tif	0	0	0	1	0	0	0	0	0	0	21.3158680396932	0	0	0	0	0	0	0	0	0	0	0	0	0	0	0	0	0	2	0	0	0	0	0	0	0	0	0
TANGO1_ROV13_q2_ortho_whole.tif38	TANGO1_ROV13_q2_ortho_whole.tif	0	0	0	0	0	0	0	0	0	0	21.3158680396932	0	0	0	0	0	0	0	0	0	0	0	0	0	0	0	0	0	1	0	1.88561713650171	0	0	0	0	0	0	0
TANGO1_ROV13_q2_ortho_whole.tif39	TANGO1_ROV13_q2_ortho_whole.tif	0	0	0	0	0	0	0	0	0	0	0	0	0	0	0	0	0	0	0	0	0	0	0	0	0	0	0	0	3	0	0	0	0	0	0	0	0	0
TANGO1_ROV13_q2_ortho_whole.tif4	TANGO1_ROV13_q2_ortho_whole.tif	0	0	0	0	0	0	0	0	0	0	0	0	0	0	0	0	0	19.0216082267402	0	0	0	0	0	0	0	0	0	0	1	0	0	0	0	0	0	0	0	0
TANGO1_ROV13_q2_ortho_whole.tif40	TANGO1_ROV13_q2_ortho_whole.tif	0	0	0	0	0	0	0	0	0	0	0	0	0	0	0	0	0	0	0	0	0	0	0	0	0	0	0	0	2	0	0	0	0	0	0	0	0	0
TANGO1_ROV13_q2_ortho_whole.tif41	TANGO1_ROV13_q2_ortho_whole.tif	0	0	0	0	0	0	0	0	0	0	0	0	0	0	0	0	0	0	0	0	0	0	0	0	0	0	0	0	3	0	0	0	0	0	0	0	0	0
TANGO1_ROV13_q2_ortho_whole.tif42	TANGO1_ROV13_q2_ortho_whole.tif	0	0	0	0	0	0	0	0	0	0	0	0	0	0	0	0	0	0	0	0	0	0	0	0	0	0	0	0	3	0	0	0	0	0	0	0	0	0
TANGO1_ROV13_q2_ortho_whole.tif43	TANGO1_ROV13_q2_ortho_whole.tif	0	0	0	0	0	0	0	0	0	0	0	0	0	0	0	0	0	0	0	0	0	0	0	0	0	0	0	0	0	0	4.80190016801517	0	0	0	0	0	0	0
TANGO1_ROV13_q2_ortho_whole.tif44	TANGO1_ROV13_q2_ortho_whole.tif	0	0	0	0	0	0	0	0	0	0	0	0	0	0	0	0	0	0	0	0	0	0	0	0	0	0	0	0	3	0	1.29338209796553	0	0	0	0	0	0	0
TANGO1_ROV13_q2_ortho_whole.tif45	TANGO1_ROV13_q2_ortho_whole.tif	0	0	0	0	0	0	0	0	0	0	0	0	0	0	0	0	0	0	0	0	0	0	0	0	0	0	1	0	2	0	0	0	0	1	0	0	0	0
TANGO1_ROV13_q2_ortho_whole.tif46	TANGO1_ROV13_q2_ortho_whole.tif	0	0	0	0	0	0	0	0	0	0	0	0	0	0	0	0	0	0	0	0	0	0	0	0	0	0	0	0	2	0	0	0	0	0	0	0	0	0
TANGO1_ROV13_q2_ortho_whole.tif47	TANGO1_ROV13_q2_ortho_whole.tif	0	0	0	0	0	0	0	0	0	0	0	0	0	0	0	0	0	0	0	0	0	0	0	0	0	0	0	0	2	0	0	0	0	0	0	0	0	0
TANGO1_ROV13_q2_ortho_whole.tif48	TANGO1_ROV13_q2_ortho_whole.tif	0	0	0	0	0	0	0	0	0	0	0	0	0	0	0	0	0	0	0	0	0	0	0	0	0	0	0	0	3	0	0	0	0	0	0	0	0	0
TANGO1_ROV13_q2_ortho_whole.tif49	TANGO1_ROV13_q2_ortho_whole.tif	0	0	0	0	0	0	0	0	0	0	0	0	0	0	0	0	0	0	0	0	0	0	0	0	0	0	1	0	2	0	0	0	0	0	0	0	0	0
TANGO1_ROV13_q2_ortho_whole.tif5	TANGO1_ROV13_q2_ortho_whole.tif	0	0	0	0	0	0	0	0	0	0	0	0	0	0	0	0	0	19.0216082267402	0	0	0	0	0	0	0	0	0	0	1	0	0	0	0	0	0	0	0	0
TANGO1_ROV13_q2_ortho_whole.tif50	TANGO1_ROV13_q2_ortho_whole.tif	0	0	0	0	0	0	0	0	0	0	0	0	0	0	0	0	0	0	0	0	0	0	0	0	0	0	0	0	2	0	0	0	0	0	0	0	0	0
TANGO1_ROV13_q2_ortho_whole.tif51	TANGO1_ROV13_q2_ortho_whole.tif	0	0	0	0	0	0	0	0	0	0	0	0	0	0	0	0	0	0	0	0	0	0	0	0	0	0	0	0	1	0	0	0	0	0	0	0	0	0
TANGO1_ROV13_q2_ortho_whole.tif52	TANGO1_ROV13_q2_ortho_whole.tif	0	0	0	0	0	0	0	0	0	0	0	0	0	0	0	0	0	0	0	0	0	0	0	0	0	0	0	0	3	0	0	0	0	0	0	0	0	0
TANGO1_ROV13_q2_ortho_whole.tif53	TANGO1_ROV13_q2_ortho_whole.tif	0	0	0	0	0	18.320994615323	0	0	0	0	0	0	0	0	0	0	0	0	0	0	0	0	0	0	0	0	0	0	0	0	0	0	0	0	0	0	0	0
TANGO1_ROV13_q2_ortho_whole.tif54	TANGO1_ROV13_q2_ortho_whole.tif	0	0	0	0	0	18.320994615323	0	0	0	0	0	0	0	0	0	0	0	0	0	0	0	0	0	0	0	0	0	0	0	0	3.54156056890701	0	0	0	1	0	0	0
TANGO1_ROV13_q2_ortho_whole.tif55	TANGO1_ROV13_q2_ortho_whole.tif	0	0	0	0	0	0	0	0	0	0	0	0	0	0	0	0	0	0	0	0	0	0	0	0	0	0	0	0	3	0	1.33738482042017	0	0	0	0	0	0	0
TANGO1_ROV13_q2_ortho_whole.tif56	TANGO1_ROV13_q2_ortho_whole.tif	0	0	0	0	0	0	0	0	0	0	0	0	0	0	0	0	0	0	0	0	0	0	0	0	0	0	0	0	3	0	8.8370417725022	0	0	0	0	0	0	0
TANGO1_ROV13_q2_ortho_whole.tif57	TANGO1_ROV13_q2_ortho_whole.tif	0	0	0	0	0	0	0	0	0	0	0	0	0	0	0	0	0	0	0	0	0	0	0	0	0	0	0	0	2	0	0	0	0	0	0	0	0	0
TANGO1_ROV13_q2_ortho_whole.tif58	TANGO1_ROV13_q2_ortho_whole.tif	0	0	0	0	0	0	0	0	0	0	0	0	0	0	0	0	0	0	0	0	0	0	0	0	0	0	0	0	1	0	0	0	0	0	0	0	0	0
TANGO1_ROV13_q2_ortho_whole.tif59	TANGO1_ROV13_q2_ortho_whole.tif	0	0	0	0	0	0	0	0	0	0	0	0	0	0	0	0	0	0	0	0	0	0	0	0	0	0	0	0	2	0	3.87231939082993	0	0	0	0	0	0	0
TANGO1_ROV13_q2_ortho_whole.tif6	TANGO1_ROV13_q2_ortho_whole.tif	0	0	0	0	0	0	0	0	0	0	0	0	0	0	0	0	0	0	0	0	0	0	0	0	0	0	0	0	1	0	0	0	0	0	0	0	0	0
TANGO1_ROV13_q2_ortho_whole.tif60	TANGO1_ROV13_q2_ortho_whole.tif	0	0	0	0	0	0	0	0	0	0	0	0	0	0	0	0	0	0	0	0	0	0	0	0	0	0	0	0	8	0	9.37914714510126	0	0	0	0	0	0	0
TANGO1_ROV13_q2_ortho_whole.tif61	TANGO1_ROV13_q2_ortho_whole.tif	0	0	0	0	0	0	0	0	0	0	0	0	0	0	0	0	0	0	0	0	0	0	0	0	0	0	0	0	4	0	4.91092661880823	0	0	0	0	0	0	0
TANGO1_ROV13_q2_ortho_whole.tif62	TANGO1_ROV13_q2_ortho_whole.tif	0	0	0	0	0	0	0	0	0	0	0	0	0	0	0	0	0	0	0	0	0	0	0	0	0	0	0	0	2	0	8.05604026167282	0	0	0	0	0	0	0
TANGO1_ROV13_q2_ortho_whole.tif63	TANGO1_ROV13_q2_ortho_whole.tif	0	0	0	0	0	0	0	0	0	0	0	0	0	0	0	0	0	0	0	0	0	0	0	0	0	0	0	0	8	0	0	0	0	0	0	0	0	0
TANGO1_ROV13_q2_ortho_whole.tif64	TANGO1_ROV13_q2_ortho_whole.tif	0	0	0	0	0	0	0	0	0	0	0	0	0	0	0	0	0	0	0	0	0	0	0	0	0	0	0	0	5	0	2.89281366515808	0	0	0	0	0	0	0
TANGO1_ROV13_q2_ortho_whole.tif65	TANGO1_ROV13_q2_ortho_whole.tif	0	0	0	0	0	0	0	0	0	0	0	0	0	0	0	0	0	0	0	0	0	0	0	0	0	0	0	0	2	0	3.44263179151008	0	0	0	0	0	0	0
TANGO1_ROV13_q2_ortho_whole.tif66	TANGO1_ROV13_q2_ortho_whole.tif	0	0	0	0	0	0	0	0	0	0	0	0	0	0	0	0	0	0	0	0	0	0	0	0	0	0	0	0	2	0	0	0	0	0	0	0	0	0
TANGO1_ROV13_q2_ortho_whole.tif67	TANGO1_ROV13_q2_ortho_whole.tif	0	0	0	0	0	0	0	0	0	0	0	0	0	0	0	0	0	0	0	0	0	0	0	0	0	0	0	0	4	0	0	0	0	0	0	0	0	0
TANGO1_ROV13_q2_ortho_whole.tif68	TANGO1_ROV13_q2_ortho_whole.tif	0	0	0	0	0	0	0	0	0	0	0	0	0	0	0	0	0	0	0	0	0	0	0	0	0	0	0	0	4	0	0	0	0	0	0	0	0	0
TANGO1_ROV13_q2_ortho_whole.tif69	TANGO1_ROV13_q2_ortho_whole.tif	0	0	0	0	0	0	0	0	0	0	0	0	0	0	0	0	0	0	0	0	0	0	0	0	0	0	0	0	4	0	0	0	0	0	0	0	0	0
TANGO1_ROV13_q2_ortho_whole.tif7	TANGO1_ROV13_q2_ortho_whole.tif	0	0	0	0	0	0	0	0	0	0	0	0	0	0	0	0	0	19.0216082267402	0	0	0	0	0	0	0	0	0	0	2	0	0	0	0	0	0	0	0	0
TANGO1_ROV13_q2_ortho_whole.tif70	TANGO1_ROV13_q2_ortho_whole.tif	0	0	0	0	0	0	0.245206968626064	0	0	0	0	0	0	0	0	0	0	0	0	0	0	0	0	0	0	0	0	0	3	0	0	0	0	1	0	0	0	0
TANGO1_ROV13_q2_ortho_whole.tif71	TANGO1_ROV13_q2_ortho_whole.tif	0	0	0	0	0	0	0	0	0	0	0	0	0	0	0	0	0	0	0	0	0	0	0	0	0	0	0	0	6	0	0	0	0	0	0	0	0	0
TANGO1_ROV13_q2_ortho_whole.tif72	TANGO1_ROV13_q2_ortho_whole.tif	0	0	0	0	0	0	0	0	0	0	0	0	0	0	0	0	0	0	0	0	0	0	0	0	0	0	0	0	2	0	0	0	0	0	0	0	0	0
TANGO1_ROV13_q2_ortho_whole.tif73	TANGO1_ROV13_q2_ortho_whole.tif	0	0	0	0	0	0	0	0	0	0	0	0	0	0	0	0	0	0	0	0	0	0	0	0	0	0	0	0	2	0	0	0	0	0	0	0	0	0
TANGO1_ROV13_q2_ortho_whole.tif74	TANGO1_ROV13_q2_ortho_whole.tif	0	0	0	0	0	0	0	0	0	0	0	0	0	0	0	0	0	0	0	0	0	0	0	0	0	0	0	0	2	0	0	0	0	0	0	0	0	0
TANGO1_ROV13_q2_ortho_whole.tif76	TANGO1_ROV13_q2_ortho_whole.tif	0	0	0	0	0	0	0	0	0	0	0	0	0	0	0	0	0	0	0	0	0	0	0	0	0	0	0	0	3	0	0	0	0	0	0	0	0	0
TANGO1_ROV13_q2_ortho_whole.tif77	TANGO1_ROV13_q2_ortho_whole.tif	0	0	0	0	0	0	0	0	0	0	0	0	0	0	0	0	0	0	0	0	0	0	0	0	0	0	0	0	2	0	0	0	0	0	0	0	0	0
TANGO1_ROV13_q2_ortho_whole.tif78	TANGO1_ROV13_q2_ortho_whole.tif	0	0	0	0	0	0	0	0	0	0	0	0	0	0	0	0	0	0	0	0	0	0	0	0	0	0	0	0	3	0	0	0	0	0	0	0	0	0
TANGO1_ROV13_q2_ortho_whole.tif79	TANGO1_ROV13_q2_ortho_whole.tif	0	0	0	0	0	0	0	0	0	0	0	0	0	0	0	0	0	0	0	0	0	0	0	0	0	0	0	0	3	0	54.8380557466939	0	0	0	0	0	0	0
TANGO1_ROV13_q2_ortho_whole.tif8	TANGO1_ROV13_q2_ortho_whole.tif	0	0	0	0	0	0	0	0	0	0	0	0	0	0	0	0	0	50.3448679243361	0	0	0	0	0	0	0	0	0	0	2	0	0	0	0	0	0	0	0	0
TANGO1_ROV13_q2_ortho_whole.tif80	TANGO1_ROV13_q2_ortho_whole.tif	0	0	0	0	0	0	0	0	0	0	0	0	0	0	0	0	0	0	0	0	0	0	0	0	0	0	0	0	5	0	58.0562469599423	0	0	0	0	0	0	0
TANGO1_ROV13_q2_ortho_whole.tif81	TANGO1_ROV13_q2_ortho_whole.tif	0	0	0	0	0	0	0	0	0	0	0	0	0	0	0	0	0	0	0	0	0	0	0	0	0	0	0	0	4	0	0	0	0	0	0	0	0	0
TANGO1_ROV13_q2_ortho_whole.tif82	TANGO1_ROV13_q2_ortho_whole.tif	0	0	0	0	0	0	0	0	0	0	0	0	0	0	0	0	0	0	0	0	0	0	0	0	0	0	0	0	3	0	16.2318721560306	0	0	0	0	0	0	0
TANGO1_ROV13_q2_ortho_whole.tif83	TANGO1_ROV13_q2_ortho_whole.tif	0	0	0	0	0	0	0	0	0	0	0	0	0	0	0	0	0	0	0	0	0	0	0	0	0	0	0	0	2	0	54.8380557466939	0	0	0	0	0	0	0
TANGO1_ROV13_q2_ortho_whole.tif84	TANGO1_ROV13_q2_ortho_whole.tif	0	0	0	0	0	0	0	0	0	0	0	0	0	0	0	0	0	0	0	0	0	0	0	0	0	0	0	0	3	0	54.8380557466939	0	0	0	0	0	0	0
TANGO1_ROV13_q2_ortho_whole.tif85	TANGO1_ROV13_q2_ortho_whole.tif	0	0	0	0	0	0	0	0	0	0	0	0	0	0	0	0	0	2.56356560118629	0	0	0	0	0	0	0	0	0	0	1	0	54.8380557466939	0	0	0	1	0	0	0
TANGO1_ROV13_q2_ortho_whole.tif9	TANGO1_ROV13_q2_ortho_whole.tif	0	0	0	0	0	0	0	0	0	0	0	0	0	0	0	0	0	50.3448679243361	0	0	0	0	0	0	0	0	0	0	3	0	2.41568516450184	0	0	0	0	0	0	0
TANGO1_ROV13_q3-1-4.png	TANGO1_ROV13_q3_whole.tif	0	0	0	0	0	0	0	0	0	0	0	0	0	0	0	0	0	0	0	0	82	0	0	0	0	0	0	0	3	0	0.284075600193314	0	0	1	0	0	0	0
TANGO1_ROV13_q3-10-0.png	TANGO1_ROV13_q3_whole.tif	0	0	0	0	0	0	0	0	0	0	0	0	0	0	0	0	0	0	0	0	109	0	0	0	0	0	0	0	0	0	64.4891895141483	0	0	1	0	0	0	0
TANGO1_ROV13_q3-10-2.png	TANGO1_ROV13_q3_whole.tif	0	0	0	0	0	0	0	0	0	0	0	0	0	0	0	0	0	0.0819310225470441	0	0	237	0	0	0	0	0	0	0	0	0	17.876521281558	0	0	5	0	0	0	0
TANGO1_ROV13_q3-10-3.png	TANGO1_ROV13_q3_whole.tif	0	0	0	0	0	0	0	0	0	0	0.229747367291842	0	0	0	0	0	0	0	0	0	312	0	0	0	0	0	0	1.81465173508942	0	0	9.60822494912713	1	0	5	0	0	0	0
TANGO1_ROV13_q3-10-4.png	TANGO1_ROV13_q3_whole.tif	0	0	0	0	0	0	0	0	0	0	4.03645720423628	0	0	0	0	0	0	9.42895195706073	0	0	194	0	0	0	0	0	0	0.518539203746639	0	0.160996532638636	9.29154941068193	0	0	0	0	0	0	0
TANGO1_ROV13_q3-11-0.png	TANGO1_ROV13_q3_whole.tif	0	0	0	1	0	0	0	0	0	0	0.244123281002419	0	0	0	0	0	0	0	0	0	251	0	0	0	0	0	0	0	0	0	36.105192397628	0	0	0	0	0	0	0
TANGO1_ROV13_q3-11-1.png	TANGO1_ROV13_q3_whole.tif	0	0	0	0	0	0	0	0	0	0	0	4.22418978689402	0	0	0	0	0	0.850136604424307	0	0	263	0	0	0	0	0	0	0	0	0	26.7604844557458	0	0	0	0	0	0	0
TANGO1_ROV13_q3-11-2.png	TANGO1_ROV13_q3_whole.tif	0	0	0	4	0	0	0	0	0	0	0	0	0	0	0	0	0	0	0	0	440	0	0	0	0	0	0	0	0	0	12.6481198477342	0	0	12	0	0	0	0
TANGO1_ROV13_q3-11-3.png	TANGO1_ROV13_q3_whole.tif	0	0	0	0	0	0	0	0	0	0	8.61020296920676	0	0	0	0	0	0	0	0	0	260	0	0	0	0	0	0	0	0	0	31.5146748539883	0	0	7	0	0	0	0
TANGO1_ROV13_q3-11-4.png	TANGO1_ROV13_q3_whole.tif	0	0	0	0	0	0	0	0	1	0	12.0159804745172	0	0	0	0	0	0	0	0	0	259	0	0	0	0	0	0	1.10969814130609	0	0	12.2398572474521	2	0	11	0	0	0	0
TANGO1_ROV13_q3-11-5.png	TANGO1_ROV13_q3_whole.tif	0	0	0	0	0	0	0	0	0	0	19.7169786201089	0.970650620857418	0	0	0	0	0	0	0	0	109	0	0	0	0	0	0	1.97710596157152	0	0	3.7142822245288	0	0	4	0	0	0	0
TANGO1_ROV13_q3-12-2.png	TANGO1_ROV13_q3_whole.tif	0	0	0	2	0	0	0	0	0	0	0	0	0	0	0	0	0	0	0	0	516	0	0	0	0	0	0	1.08622451704994	0	0	13.019061846672	0	0	1	0	0	0	0
TANGO1_ROV13_q3-12-3.png	TANGO1_ROV13_q3_whole.tif	0	0	0	3	0	0	0	0	0	0	0	0	0	0	0	0	0	0	0	0	271	0	0	0	0	0	0	0.670796456225854	0	0	16.9028849226872	0	0	9	0	0	0	0
TANGO1_ROV13_q3-12-4.png	TANGO1_ROV13_q3_whole.tif	0	0	0	1	0	0	0	0	1	0	0	0	0	0	0	0	0	0	0	0	271	0	0	0	0	0	0	1.22076392805039	0	0	7.75494843651163	2	0	6	0	0	0	0
TANGO1_ROV13_q3-13-3.png	TANGO1_ROV13_q3_whole.tif	0	0	0	1	0	0	0	0	0	0	0	0	0	0	0	0	0	0	0	0	257	0	0	0	0	0	0	0	0	0	13.5387463586209	1	0	11	0	0	0	0
TANGO1_ROV13_q3-14-3.png	TANGO1_ROV13_q3_whole.tif	0	0	0	0	0	0	0	0	0	0	6.75352643334201	0	0	0	0	0	0	0	0	0	338	0	0	0	0	0	0	0.624132622083442	0	0	34.4863998756758	0	0	0	0	0	0	0
TANGO1_ROV13_q3-15-3.png	TANGO1_ROV13_q3_whole.tif	0	0	0	1	0	0	0	0	0	0	0.612214334920778	0.522787675478843	0	0	0	0	0	0	0	0	182	0	0	0	0	0	0	0.0963116049826446	0	0	43.7969112153675	0	0	0	0	0	0	0
TANGO1_ROV13_q3-2-4.png	TANGO1_ROV13_q3_whole.tif	0	0	0	0	0	0	0.0506106038617122	0	0	0	0	0	0	0	0	0	0	0	0	0	73	0	0.476561190296733	0	0	0	0	0.186523878252087	1	0	1.89258390708706	0	0	2	0	0	0	0
TANGO1_ROV13_q3-3-4.png	TANGO1_ROV13_q3_whole.tif	0	0	0	0	0	0	0	0	0	0	0	0	0	0	0	0	0	0	0	0	142	0	0.115935268651939	0	0	0	0	0.822940565070664	0	1.47374627079422	1.10037443417153	1	0	1	0	0	0	0
TANGO1_ROV13_q3-7-2.png	TANGO1_ROV13_q3_whole.tif	0	0	0	0	0	0.0488364596278019	0	0	0	0	1.56337074811812	0	0	0	0	0	0	44.1476936911536	0	0	114	0	0	0	0	0	0	0.592340358088435	0	0	9.69938844608928	1	0	1	0	0	0	0
TANGO1_ROV13_q3-8-2.png	TANGO1_ROV13_q3_whole.tif	0	0	0	0	0	0	0	0	0	0	2.0441607588791	0	0	0	0	0	0	20.9364595344648	0	0	178	0	0	0	0	0	0	0.0347274513197555	0	0	19.4105846799118	0	0	1	0	0	0	0
TANGO1_ROV13_q3-8-3.png	TANGO1_ROV13_q3_whole.tif	0	0	0	0	0	0	0	0	0	0	15.2659239582144	8.08144607632474	0	0	0	0	0	31.491602382376	0	0	56	0	0	0	0	0	0	0.113385230431566	0	0	10.3224745059596	0	0	0	0	0	0	0
TANGO1_ROV13_q3-9-1.png	TANGO1_ROV13_q3_whole.tif	0	0	0	0	0	0	0	0	0	0	0	9.68880238179836	0	0	0	0	0	0	0	0	147	0	0	0	0	0	0	0	0	0	41.7498316093436	0	0	0	0	0	0	0
TANGO1_ROV13_q3-9-2.png	TANGO1_ROV13_q3_whole.tif	0	0	0	0	0	0	0	0	0	0	0	0	0	0	0	0	0	41.6575669695667	0	0	83	0	0	0	0	0	0	0	0	0	2.61802848861717	0	0	2	0	0	0	0
TANGO1_ROV13_q3-9-3.png	TANGO1_ROV13_q3_whole.tif	0	0	0	0	0	0	0	0	0	0	0	13.7371271237991	0	0	0	0	0	3.37643377544836	0	0	217	0	0	0	0	0	0	0	1	0	6.8159243426647	3	0	2	0	0	0	0
TANGO1_ROV4_q1.tif1	TANGO1_ROV4_q1_ortho_better.tif	0	0	0	0	0	0	0	0	0	0	0	0	0	0	0	0	0	0	142	0	0	0	0	0	0	0	2	0	0	0	0.282299090620857	0	0	0	0	1	0	0
TANGO1_ROV4_q1.tif10	TANGO1_ROV4_q1_ortho_better.tif	0	0	0	0	0	0	0	0	0	0	6.93823568645745	0	0	0.0789476731466137	0	0	0	0	216	0	3	3	0	0	0.0663358031070974	0	0	0.650313866611941	0	0	0.019804083551197	0	0	0	0	0	0	0
TANGO1_ROV4_q1.tif11	TANGO1_ROV4_q1_ortho_better.tif	0	0	0	0	0	0	0	0	0	0	9.43980004271096	0	0	0	0	0	0	0	109	0	0	0	0	0	0	0	0	0	0	0	0.0400503926516922	0	0	0	0	0	0	0
TANGO1_ROV4_q1.tif12	TANGO1_ROV4_q1_ortho_better.tif	0	0	0	0	0	0	0	0	0	0	23.2361788016279	0	0	0	0	0	0	0	256	0	0	0	0	0	0	0	0	0	0	0	0.575835725450789	0	0	0	0	1	0	0
TANGO1_ROV4_q1.tif13	TANGO1_ROV4_q1_ortho_better.tif	0	0	0	0	0	0	0.0130577328014669	0	0	0	0.54474258768128	2.68616820167401	0	0	0	0	0	0.208359908382349	293	0	0	0	0	0	0	1	0	0.402848962107426	1	0	2.62848879015115	0	0	2	0	0	0	0
TANGO1_ROV4_q1.tif14	TANGO1_ROV4_q1_ortho_better.tif	0	0	0	0	0	0	0	1	0	0	5.51464946886709	0	0	0	0.0537185633006194	0	0	0	141	1	12	31	0	0	0	0	2	3.20549211479731	0	0	0.369466146251339	0	0	1	0	0	0	0
TANGO1_ROV4_q1.tif15	TANGO1_ROV4_q1_ortho_better.tif	0	0	0	0	0	0.85672593066101	0.0736349653359569	0	0	0	5.44569905708115	0	0	0	0	0	0	0	109	0	3	82	0	0	0	0	1	5.19209682102811	1	0	1.82402241632313	0	0	0	2	0	0	0
TANGO1_ROV4_q1.tif16	TANGO1_ROV4_q1_ortho_better.tif	0	0	0	0	0	0	0.0875466631885549	0	0	0	12.9753410266914	0	0	0	0	0	0	0	122	0	18	15	0	0	0	2	1	5.13958140246523	1	0	6.06533709153641	0	0	0	0	0	0	0
TANGO1_ROV4_q1.tif17	TANGO1_ROV4_q1_ortho_better.tif	0	0	0	0	0	0	0	0	0	0	0	0	0	0	0	0	0	0	177	0	2	0	0	0	0	0	0	0	1	0	0	0	0	0	5	0	0	0
TANGO1_ROV4_q1.tif18	TANGO1_ROV4_q1_ortho_better.tif	0	0	0	0	2	0	0	0	0	0	4.7738305071361	0	0	0	0	0	0	0	175	0	0	0	0	0	0	0	2	0	0	0	0.0259388892912682	0	0	0	0	0	0	0
TANGO1_ROV4_q1.tif19	TANGO1_ROV4_q1_ortho_better.tif	0	0	0	0	1	0.237977817061325	0	0	0	0	6.53398526183471	0	0	0	0	0	0	0	285	0	0	2	0	0	0	1	2	0.545221327767126	0	0	0.0716196647065804	0	0	0	1	0	0	0
TANGO1_ROV4_q1.tif2	TANGO1_ROV4_q1_ortho_better.tif	0	0	0	0	0	0	0	0	0	0	0	0	0	0	0	0	0	0	96	0	0	0	0	0	0	1	1	0	0	0	0	0	0	0	0	0	0	0
TANGO1_ROV4_q1.tif3	TANGO1_ROV4_q1_ortho_better.tif	0	0	0	0	0	0	0	0	0	0	0	0	0	0	0	0	0	0	94	0	0	0	0	0	0	0	1	0	3	0	0.0573195498723351	0	0	0	0	0	0	0
TANGO1_ROV4_q1.tif4	TANGO1_ROV4_q1_ortho_better.tif	0	0	0	0	0	0	0	0	0	0	40.334949597718	0	0	0	0	0	0	0	111	0	0	0	0	0	0	1	0	0	0	0	0	0	0	0	0	0	0	0
TANGO1_ROV4_q1.tif5	TANGO1_ROV4_q1_ortho_better.tif	0	0	0	0	0	0.037030615936198	0	0	0	0	2.3844104475639	0	0	0	0	0	0	0	236	0	3	5	0	0	0	0	0	0.684983132828709	0	0	0.0240218443075106	0	0	0	0	1	0	0
TANGO1_ROV4_q1.tif6	TANGO1_ROV4_q1_ortho_better.tif	0	0	0	0	0	0.0721484628254026	0	0	0	0	0	0	0	0	0	0	0	0	258	0	0	0	0	0	0	0	0	0.0307697652035223	0	0	1.14661562047699	0	0	1	0	0	0	0
TANGO1_ROV4_q1.tif7	TANGO1_ROV4_q1_ortho_better.tif	0	0	0	0	1	0	0	0	0	0	8.21788313860122	0	0	0	0	0	0	0	364	0	0	0	0	0	0	0	2	0	0	0	0	0	0	0	0	0	0	0
TANGO1_ROV4_q1.tif8	TANGO1_ROV4_q1_ortho_better.tif	0	0	0	0	1	0	0	0	0	0	9.42530805511231	0	0	0	0	0	0	0	289	0	1	0	0	0	0	3	0	0.0234546991078119	0	0	0.00989239425386852	0	0	0	0	0	0	0
TANGO1_ROV4_q1.tif9	TANGO1_ROV4_q1_ortho_better.tif	0	0	0	0	3	0	0	0	0	0	0	0	0	0	0	0	0	5.14146854194963	189	0	0	0	0	0	0	4	1	0	0	0	0.00470603322386894	0	0	0	0	0	0	0
TANGO1_ROV4_q3_ortho_whole_blended.tif1	TANGO1_ROV4_q3_ortho_whole_blended.tif	0	0	0	0	1	0.541613599813516	0	0	1	0	7.13934880457421	0	0	0	0	0	0	0	560	0	0	1	0	0	0	0	1	0	0	0	0.989436171835916	0	0	0	0	0	2	0
TANGO1_ROV4_q3_ortho_whole_blended.tif10	TANGO1_ROV4_q3_ortho_whole_blended.tif	0	0	0	0	4	0	0	0	0	0	14.2621287352481	0	0	0	0	0	0	0	334	1	0	1	0	0	0	2	0	0	0	0	0.6559370551457	0	0	1	0	0	0	0
TANGO1_ROV4_q3_ortho_whole_blended.tif11	TANGO1_ROV4_q3_ortho_whole_blended.tif	0	0	0	0	7	0	0	1	0	0	18.953763504549	0	0	0	0	0	0	0	282	0	0	0	0	0	0	0	3	0	1	0	0.124449536252961	0	0	0	0	0	0	0
TANGO1_ROV4_q3_ortho_whole_blended.tif12	TANGO1_ROV4_q3_ortho_whole_blended.tif	0	0	0	0	0	0	0	1	0	0	9.69191342827263	0	0	0	0	0	0	0	273	0	1	0	0	0	0	2	0	0	0	0	2.28246777759213	0	0	0	0	0	1	0
TANGO1_ROV4_q3_ortho_whole_blended.tif2	TANGO1_ROV4_q3_ortho_whole_blended.tif	0	0	0	0	0	0	0	0	0	0	31.2336531393443	0	0	0	0	0	0	0	90	0	0	0	0	0	0	1	0	0	0	0	21.3780220055512	0	0	0	0	0	2	0
TANGO1_ROV4_q3_ortho_whole_blended.tif3	TANGO1_ROV4_q3_ortho_whole_blended.tif	0	0	0	0	3	0	0	0	0	0	18.4196832313667	0	0	0	0	0	0	0	317	0	0	0	0	0	0	0	1	0	0	0	3.88708106631367	0	0	0	3	0	1	0
TANGO1_ROV4_q3_ortho_whole_blended.tif4	TANGO1_ROV4_q3_ortho_whole_blended.tif	0	0	0	0	0	0	0	1	0	0	8.51789455951544	0	0	0	0	0	0	0	221	0	3	2	0	0	0	1	0	0	0	0	11.7226156536879	0	0	1	0	0	0	0
TANGO1_ROV4_q3_ortho_whole_blended.tif5	TANGO1_ROV4_q3_ortho_whole_blended.tif	0	0	0	0	0	0	0	0	0	0	10.7951766235402	0	0	0	0	0	0	0	322	1	0	1	0	0	0	0	0	0.318751111587842	0	0	1.48136995944441	0	0	0	0	0	0	0
TANGO1_ROV4_q3_ortho_whole_blended.tif6	TANGO1_ROV4_q3_ortho_whole_blended.tif	0	0	0	0	0	0	0	1	0	0	3.70815248286985	0.43601872580487	0	0	0	0	0	0	330	0	1	2	0	0	0	15	0	0	0	0	2.56939308618249	0	0	1	0	0	0	0
TANGO1_ROV4_q3_ortho_whole_blended.tif7	TANGO1_ROV4_q3_ortho_whole_blended.tif	0	0	0	0	1	0	0	0	0	0	7.80338152526883	0	0	0	0	0	0	0	367	1	2	3	0	0	0	5	3	0	1	0	4.34036889302843	0	0	1	0	0	0	0
TANGO1_ROV4_q3_ortho_whole_blended.tif8	TANGO1_ROV4_q3_ortho_whole_blended.tif	0	0	0	0	0	0	0	0	0	0	13.5632041341993	0	0	0	0	0	0	0	412	0	0	1	0	0	0	1	1	0	0	0	2.20866391237497	0	0	0	0	0	0	0
TANGO1_ROV4_q3_ortho_whole_blended.tif9	TANGO1_ROV4_q3_ortho_whole_blended.tif	0	0	0	0	0	0	0	0	0	0	4.36417453157028	0	0	0	0	0	0	0	318	0	0	0	0	0	0	1	3	0	0	0	0.821908382515946	0	0	1	0	0	0	0
TANGO1_ROV6_q1_ortho_whole.tif1	TANGO1_ROV6_q1_ortho_whole.tif	17	0	0	0	0	0	0	0	0	0	3.09008787016002	0	0	0	0	0	0	0	3	0	0	1	0	0	0	0	1	1.71987856837941	0	0	0	0	0	0	0	0	0	0
TANGO1_ROV6_q1_ortho_whole.tif10	TANGO1_ROV6_q1_ortho_whole.tif	5	0	0	0	0	0	0	0	0	0	0	0	0	0	0	0	0	0	0	0	0	0	0	0	0	0	0	0	0	0	0	0	0	0	0	0	0	0
TANGO1_ROV6_q1_ortho_whole.tif2	TANGO1_ROV6_q1_ortho_whole.tif	13	0	0	0	0	0	0	0	0	0	1.23505638989128	0	0	0	0	0	0.0890719928282395	0	11	0	0	0	0	0	0	0	1	0.289121887461437	0	0	0.0193906591067246	0	0	0	0	0	0	0
TANGO1_ROV6_q1_ortho_whole.tif3	TANGO1_ROV6_q1_ortho_whole.tif	36	0	0	0	1	0	0	0	0	1	4.31611125591868	0.277211007265512	0	0	0	0	0.234829023949674	0	9	0	0	1	0	0	0	0	0	0.912938279399017	0	0	0.768778392041736	0	2	1	0	0	0	0
TANGO1_ROV6_q1_ortho_whole.tif4	TANGO1_ROV6_q1_ortho_whole.tif	13	0	0	0	0	0	0	0	0	0	3.24565001766811	0	0	0	0	0	0	0	0	0	0	0	0	0	0	0	0	1.30806998004119	0	0	0	0	0	0	0	0	0	0
TANGO1_ROV6_q1_ortho_whole.tif5	TANGO1_ROV6_q1_ortho_whole.tif	16	0	0	0	0	0	0	1	0	0	6.3797509989827	0	0	0	0	0	0.0439491635890541	0	19	0	1	2	0	0	0	0	0	0.331623142069845	0	0	0.298142069018666	0	0	0	0	0	0	0
TANGO1_ROV6_q1_ortho_whole.tif6	TANGO1_ROV6_q1_ortho_whole.tif	20	0	0	0	0	0	0	0	0	0	11.1229080294132	0	0	0	0	0	0.368304634518223	0	17	0	0	1	0	0	0	0	0	4.07780740425632	0	0	0.335095756633198	0	0	1	0	0	0	0
TANGO1_ROV6_q1_ortho_whole.tif7	TANGO1_ROV6_q1_ortho_whole.tif	4	0	0	0	0	0	0	0	0	0	0	0	0	0	0	0	0	0	1	0	0	1	0	0	0	0	0	2.47925015399584	0	0	0.43844979954474	0	0	0	0	0	0	0
TANGO1_ROV6_q1_ortho_whole.tif8	TANGO1_ROV6_q1_ortho_whole.tif	11	0	0	0	5	0	0.0153705527983152	17	0	1	2.65533328255395	0	0	0	0	0	0.217653606954904	0	32	0	0	5	0	0	0	0	1	0.713198840338666	0	0	0.563202541704665	0	0	1	0	0	0	0
TANGO1_ROV6_q1_ortho_whole.tif9	TANGO1_ROV6_q1_ortho_whole.tif	8	0	0	0	0	0	0	0	0	0	0.710383946635262	0	0	0	0	0	0	0	4	0	0	0	0	0	0	0	0	0.677852581494687	0	0	0.236184464948218	0	0	0	0	0	0	0
TANGO1_ROV7_6_018.png	TANGO1_ROV7_6_018.png	4	0	0	0	0	0	0	0	0	0	54.8999522386556	0	0	0	0	0	0	0	0	0	0	14	0	0	0	0	0	2.78236207632903	0	0	0	0	0	0	0	0	0	0
TANGO1_ROV7_6_019.png	TANGO1_ROV7_6_019.png	7	0	0	0	0	0	0	0	0	0	37.1956302600083	0	0	0	0	0	0	0	0	0	0	5	0	0	0	0	0	5.21798038835335	0	0	0	0	0	0	0	0	0	0
TANGO1_ROV7_6_020.png	TANGO1_ROV7_6_020.png	3	0	0	0	0	0	0	0	0	0	61.0135844738164	0	0	0	0	0	0	0	0	0	0	7	0	0	0	0	0	4.8874489759566	0	0	0	0	0	0	0	0	0	0
TANGO1_ROV7_6_021.png	TANGO1_ROV7_6_021.png	4	6	0	0	0	0	0	0	0	0	59.7735168003623	0	0	0	0	0	0.326639852528031	0	0	0	8	12	0	0	0	0	0	21.8497607388389	0	0	0	0	0	0	0	0	0	0
TANGO1_ROV7_6_022.png	TANGO1_ROV7_6_022.png	3	6	0	0	0	0	0	0	0	0	39.5230216893784	0	0	0	0	0	0.876672591795128	0	0	0	7	7	0	0	0	0	0	17.1359283964824	0	0	0.733845501620259	0	0	0	3	0	0	0
TANGO1_ROV7_6_023.png	TANGO1_ROV7_6_023.png	6	2	1	0	0	0	0	0	0	0	50.7494213314507	0	0	0	0	0	0	0	0	0	0	3	0	0	0	0	0	9.52411245830691	0	0	0.0665458602745651	0	0	0	0	0	0	0
TANGO1_ROV7_6_024.png	TANGO1_ROV7_6_024.png	14	0	0	0	0	0	0	0	0	0	38.1709631502756	0	0	0	0	0	0	0	0	0	6	1	0	0	0	0	0	9.86442931518493	0	0	0.245359087727114	0	0	1	0	0	0	0
TANGO1_ROV7_6_025.png	TANGO1_ROV7_6_025.png	6	0	0	0	0	0	1.01782403448971	0	0	0	76.7468632599337	0	0	0	0	0	0.222575581440563	0	0	0	0	0	0	0	0	0	0	1.25217690809842	0	0	0.156581871215356	0	0	0	0	0	0	0
TANGO1_ROV7_6_026.png	TANGO1_ROV7_6_026.png	0	0	0	0	0	0	0	0	0	0	53.0136249679838	0	0	0	0	0	0.152361644997373	0	0	0	0	1	0	0	0	0	0	0	0	0	0	0	0	1	0	0	0	0
TANGO1_ROV7_6_027.png	TANGO1_ROV7_6_027.png	0	0	0	0	0	0	0.0172865858120956	0	0	0	5.10107557064829	0	0	0	0	0	0.674102457441879	0	0	0	0	0	0	0	0	0	0	0	0	0	0	0	0	0	0	0	0	0
TANGO1_ROV7_6_028.png	TANGO1_ROV7_6_028.png	3	1	0	0	0	0	0.168790683493153	0	0	0	12.611508577706	0	0	0	0	0	0	0	0	0	0	0	0	0	0	0	0	0.260831080755026	0	0	0	0	0	0	0	0	0	0
TANGO1_ROV7_6_029.png	TANGO1_ROV7_6_029.png	9	0	0	0	0	0	0	0	0	0	54.7187496018962	0	0	0	0	0	0	0	3	0	0	0	0	0	0	1	0	0.643231521897362	1	0	0.392860170607146	0	0	0	0	0	0	0
TANGO1_ROV7_6_030.png	TANGO1_ROV7_6_030.png	2	0	0	0	0	0	0	0	0	0	81.2040000451241	0	0	0	0	0	0.215553988811633	0	0	0	0	0	0	0	0	2	0	1.62970829597593	1	0	0	0	0	0	2	0	0	0
TANGO1_ROV7_6_031.png	TANGO1_ROV7_6_031.png	13	0	0	0	0	0	0	0	0	0	24.6197607535875	0	0	0	0	0	0.631479148484551	0	0	0	2	1	0	0	0	0	0	5.65869333334491	0	0	0.295384582320162	0	0	0	0	0	0	0
TANGO1_ROV7_6_032.png	TANGO1_ROV7_6_032.png	8	0	0	0	0	0	0	0	0	0	56.223907724313	0	0	0	0	0	0	0	0	0	1	1	0	0	0	0	0	0.474389123243822	0	0	0	0	0	0	0	0	0	0
TANGO1_ROV7_6_033.png	TANGO1_ROV7_6_033.png	1	0	0	0	2	0	0	1	0	0	36.2518032029376	0	0	0	0	0	0	0	1	0	2	4	0	0	0	0	0	0.293651032459529	1	0	0	0	0	0	0	0	0	0
TANGO1_ROV7_6_034.png	TANGO1_ROV7_6_034.png	0	0	0	0	0	0	0	0	0	0	68.7430291273626	0	0	0	0	0	0	0	0	0	4	1	0	0	0	0	0	0.6471426784493	1	0	0	0	0	0	0	0	0	0
TANGO1_ROV7_6_035.png	TANGO1_ROV7_6_035.png	0	0	0	0	0	0	0	0	0	0	98.820284267842	0	0	0	0	0	0	0	0	0	0	0	0	0	0	0	0	0	0	0	0	0	0	0	0	0	0	0
TANGO1_ROV7_6_036.png	TANGO1_ROV7_6_036.png	0	0	0	0	0	0	0	0	0	0	86.6298991091274	0	0	0	0	0	0	0	0	0	2	0	0	0	0	0	0	0	0	0	0	0	0	0	0	0	0	0
TANGO1_ROV7_6_037.png	TANGO1_ROV7_6_037.png	0	0	0	0	0	0	0	0	0	0	88.792824950699	0	0	0	0	0	0	0	0	0	0	0	0	0	0	0	0	0	0	0	0	0	0	0	0	0	0	0
TANGO1_ROV7_6_038.png	TANGO1_ROV7_6_038.png	0	0	0	0	0	0	0	0	0	0	90.2579436868194	0	0	0	0	0	0	0	0	0	0	0	0	0	0	0	0	0	0	0	0	0	0	0	0	0	0	0
TANGO1_ROV7_6_039.png	TANGO1_ROV7_6_039.png	0	0	0	0	0	0	0.0267769435588614	0	0	0	48.285227536082	0	0	0	0	1	0	0	1	0	7	3	0	0	0	0	0	0.427554658936336	1	0	0	0	0	0	0	0	0	0
TANGO1_ROV7_6_041.png	TANGO1_ROV7_6_041.png	2	0	0	0	0	0	0	0	0	0	6.12579865951896	0	0	0	0	0	0	0	2	0	20	13	0	0	0	0	0	3.42503671986704	0	0	0	0	0	0	0	0	0	0
TANGO1_ROV7_6_042.png	TANGO1_ROV7_6_042.png	2	0	0	0	0	0	0	0	0	0	19.2507110086775	0	0	0	0	0	0	0	0	0	19	1	0	0	0	0	0	1.99879969235002	1	0	0	0	0	0	0	0	0	0
TANGO1_ROV7_6_043.png	TANGO1_ROV7_6_043.png	0	0	0	0	0	0	0	0	0	0	53.6580925636844	0	0	0	0	0	0	0	0	0	0	0	0	0	0	0	0	1.03614124895052	0	0	0.382684207313351	0	0	0	0	0	0	0
TANGO1_ROV7_6_044.png	TANGO1_ROV7_6_044.png	0	0	0	0	0	0	0	0	0	0	45.4747521735997	0	0	0	0	0	0	0	0	0	1	0	0	0	0	0	0	0.111002750748151	1	0	0	0	0	0	0	0	0	0
TANGO1_ROV7_6_045.png	TANGO1_ROV7_6_045.png	12	0	0	0	0	0	0	0	0	0	40.2035176314856	0	0	0	0	0	0	0	0	0	5	1	0	0	0	0	0	12.6804908390076	1	0	0	0	0	0	0	0	0	0
TANGO1_ROV7_6_046.png	TANGO1_ROV7_6_046.png	0	0	0	0	0	0	0	0	0	0	85.924679758094	0	0	0	0	0	0	0	0	0	0	0	0	0	0	0	0	3.56484182858265	0	0	0	0	0	0	0	0	0	0
TANGO1_ROV7_6_047.png	TANGO1_ROV7_6_047.png	0	0	0	0	0	0	0.126023903494871	0	0	0	97.4210121180474	0	0	0	0	0	0	0	0	0	1	0	0	0	0	0	0	2.09472606260848	0	0	0	0	0	0	0	0	0	0
TANGO1_ROV7_6_048.png	TANGO1_ROV7_6_048.png	1	0	0	0	0	0	0	0	0	0	84.2482608683777	0	0	0	0	0	0	0	0	0	0	0	0	0	0	0	0	0.699747305535154	1	0	0	0	0	0	0	0	0	0
TANGO1_ROV7_6_049.png	TANGO1_ROV7_6_049.png	1	0	0	0	0	0	0	0	0	0	66.9499739221141	0	0	0	0	0	0	0	0	0	1	1	0	0	0	0	1	4.11357472416519	2	0	0	0	0	0	0	0	0	0
TANGO1_ROV7_6_050.png	TANGO1_ROV7_6_050.png	0	5	0	0	0	0	0	0	0	0	59.4001525220612	0	0	0	0	0	0	0	0	0	8	33	0	0	0	0	0	16.6852198911376	1	0	0	0	0	0	0	0	0	0
TANGO1_ROV7_6_051.png	TANGO1_ROV7_6_051.png	1	0	0	0	0	0	0	0	0	0	86.3643642690512	0	0	0	0	0	0	0	0	0	1	6	0	0	0	0	0	2.91378235816896	1	0	0	0	0	0	0	0	0	0
TANGO1_ROV7_6_052.png	TANGO1_ROV7_6_052.png	0	0	0	0	0	0	0	0	0	0	99.6837969947433	0	0	0	0	0	0	0	0	0	0	0	0	0	0	0	0	0	0	0	0	0	0	0	0	0	0	0
TANGO1_ROV7_6_053.png	TANGO1_ROV7_6_053.png	0	0	0	0	0	0	0	0	0	0	99.9831551917126	0	0	0	0	0	0	0	0	0	0	0	0	0	0	0	0	0	0	0	0	0	0	0	0	0	0	0
TANGO1_ROV7_6_054.png	TANGO1_ROV7_6_054.png	0	0	0	0	0	0	0	0	0	0	99.535409185487	0	0	0	0	0	0	0	0	0	0	0	0	0	0	0	0	0	0	0	0	0	0	0	0	0	0	0
TANGO1_ROV7_6_055.png	TANGO1_ROV7_6_055.png	0	0	0	0	0	0	0	0	0	0	100	0	0	0	0	0	0	0	0	0	0	0	0	0	0	0	0	0	0	0	0	0	0	0	0	0	0	0
TANGO1_ROV7_7_001.png	TANGO1_ROV7_7_001.png	0	0	0	0	0	0	0	0	0	0	99.3667304398171	0	0	0	0	0	0	0	0	0	0	0	0	0	0	0	0	0	0	0	0	0	0	0	0	0	0	0
TANGO1_ROV7_7_003.png	TANGO1_ROV7_7_003.png	0	0	0	0	0	0	0	0	0	0	99.9906119327793	0	0	0	0	0	0	0	0	0	0	0	0	0	0	0	0	0	0	0	0	0	0	0	0	0	0	0
TANGO1_ROV7_7_004.png	TANGO1_ROV7_7_004.png	0	0	0	0	0	0	0	0	0	0	91.692256318343	0	0	0	0	0	0	0	0	0	0	3	0	0	0	0	0	0.311710334970684	0	0	0	0	0	0	0	0	0	0
TANGO1_ROV7_7_005.png	TANGO1_ROV7_7_005.png	0	0	0	0	0	0	0	0	0	0	100	0	0	0	0	0	0	0	0	0	0	0	0	0	0	0	0	0	0	0	0	0	0	0	0	0	0	0
TANGO1_ROV7_7_006.png	TANGO1_ROV7_7_006.png	0	0	0	0	0	0	0	0	0	0	99.7241841095987	0	0	0	0	0	0	0	0	0	0	0	0	0	0	0	0	0	0	0	0	0	0	0	0	0	0	0
TANGO1_ROV7_7_007.png	TANGO1_ROV7_7_007.png	0	0	0	0	0	0	0	0	0	0	95.2754976687345	0	0	0	0	0	0	0	0	0	0	0	0	0	0	0	0	0	0	0	0	0	0	0	0	0	0	0
TANGO1_ROV7_7_008.png	TANGO1_ROV7_7_008.png	0	0	0	0	0	0	0	0	0	0	79.5426134274579	0	0	0	0	0	0	0	0	0	1	7	0	0	0	0	0	11.5713525648512	1	0	0.0892150374378739	0	0	3	0	0	0	0
TANGO1_ROV7_7_009.png	TANGO1_ROV7_7_009.png	0	0	0	0	0	0	0	0	0	0	35.2917374108026	0	0	0	0	0	0	0	0	0	29	29	0	0	0	0	0	4.33586267398629	0	0	10.1722275559672	0	0	0	0	0	0	0
TANGO1_ROV7_7_010.png	TANGO1_ROV7_7_010.png	0	0	0	0	0	0	0	0	0	0	5.28682185472404	0	0	0	0	0	0	0	0	0	1	95	0	0	0	0	0	12.3038045768585	2	0	8.28415746705407	0	0	1	0	0	0	0
TANGO1_ROV7_7_011.png	TANGO1_ROV7_7_011.png	0	0	0	0	0	0	0	0	0	0	16.1266124786142	0	0	0	0	0	0	0	0	0	0	60	0	0	0	0	0	21.918589741636	3	0	1.15918363755246	0	0	1	0	0	0	0
TANGO1_ROV7_7_012.png	TANGO1_ROV7_7_012.png	0	0	0	0	0	0	0	0	0	0	25.912790170399	0	0	0	0	0	0	0	0	0	0	8	0	0	0	0	0	12.1785042818974	0	0	1.08190586964854	0	0	2	0	0	0	0
TANGO1_ROV7_7_013.png	TANGO1_ROV7_7_013.png	0	0	0	0	0	0	0	0	0	0	40.5994211719962	0	0	0	0	0	0	0	0	0	0	17	0	0	0	0	0	26.3392817316871	1	0	1.8585111133243	0	0	1	0	0	0	0
TANGO1_ROV7_7_014.png	TANGO1_ROV7_7_014.png	0	0	0	0	0	0	0	0	0	0	48.1937886919206	0	0	0	0	0	0	0	0	0	2	20	0	0	0	0	0	3.98868944391097	2	0	2.60873537812751	0	0	1	0	0	0	0
TANGO1_ROV7_7_015.png	TANGO1_ROV7_7_015.png	0	0	0	0	0	0	0	0	0	0	5.02573776238058	0	0	0	0	0	0	0	0	0	11	51	0	0	0	1	0	2.64377086200405	1	0	3.89228704515577	0	0	1	0	0	0	0
TANGO1_ROV7_7_016.png	TANGO1_ROV7_7_016.png	0	0	0	0	0	0	0	0	0	0	84.5726264656763	0	0	0	0	0	0	0	0	0	0	0	0	0	0	0	0	0	0	0	0.571935324923364	0	0	0	0	0	0	0
TANGO1_ROV7_7_017.png	TANGO1_ROV7_7_017.png	0	0	0	0	0	0	0	0	0	0	65.1772319409065	0	0	0	0	0	0	0	7	0	5	1	0	0	0	0	0	2.61952962373583	1	0	0.0479074482406686	0	0	0	0	0	0	0
TANGO1_ROV7_7_018.png	TANGO1_ROV7_7_018.png	0	0	0	0	0	0	0	0	1	0	25.844281094308	0	0	0	0	0	0	0	0	0	2	5	0	0	0	0	0	3.17969909230766	0	0	0	0	0	0	0	0	0	0
TANGO1_ROV7_7_019.png	TANGO1_ROV7_7_019.png	0	0	0	0	0	0	0	0	0	0	70.1784341634757	0	0	0	0	0	0	0	0	0	0	0	0	0	0	0	0	3.50015231004377	0	0	0	0	0	0	0	0	0	0
TANGO1_ROV7_7_020.png	TANGO1_ROV7_7_020.png	2	0	0	0	0	0	0.0813089306875651	0	0	0	47.0636780487858	0	0	0	0	0	0	0	0	0	4	8	0	0	0	0	0	4.54228113880651	0	0	0	0	0	0	0	0	0	0
TANGO1_ROV7_7_021.png	TANGO1_ROV7_7_021.png	0	0	0	0	0	0	0	0	0	0	74.7266357177106	0	0	0	0	0	0	0	0	0	0	9	0	0	0	0	0	1.75848940134978	0	0	0	0	0	0	0	0	0	0
TANGO1_ROV7_7_026.png	TANGO1_ROV7_7_026.png	0	0	0	0	0	0	0	0	0	0	0	0	1	0	0	0	0	0	0	0	0	0	0	0	0	0	0	1.67096753384155	0	0	0.988987172537208	0	0	0	0	0	0	0
TANGO1_ROV7_7_027.png	TANGO1_ROV7_7_027.png	0	0	0	0	0	0	0	0	0	0	0	0	0	0	0	0	0	0	2	0	5	1	0	0	0	0	0	1.64970626258498	0	0	1.20187636234142	0	0	0	0	0	0	0
TANGO1_ROV7_7_028.png	TANGO1_ROV7_7_028.png	0	0	0	0	0	0	0	0	0	0	0.75381576446995	0	0	0	0	0	0	0	10	0	0	0	0	0	0	0	0	1.61403953903285	0	0	0	0	0	0	0	0	0	0
TANGO1_ROV7_7_029.png	TANGO1_ROV7_7_029.png	2	0	0	0	0	0	0	0	0	0	0.81508419730015	0	0	0	0	0	0	0	0	0	4	0	0	0	0	0	0	2.79478017197511	0	0	0.328036737576826	0	0	0	0	0	0	0
TANGO1_ROV7_7_030.png	TANGO1_ROV7_7_030.png	0	0	0	0	0	0	0	0	0	0	0	0	0	0	0	0	0	0	0	0	0	0	0	0	0	0	0	2.45570673414843	0	0	2.16635107555447	0	0	0	0	0	0	0
TANGO1_ROV7_7_032.png	TANGO1_ROV7_7_032.png	0	0	0	0	0	0	0	0	0	0	0	0	0	0	0	0	0	0	0	0	0	3	0	0	0	0	0	6.03109123974497	0	0	0.476973313312706	0	0	0	0	0	0	0
TANGO1_ROV7_7_033.png	TANGO1_ROV7_7_033.png	0	0	0	0	0	0	0	0	0	0	0	0	0	0	0	0	0	0	0	0	3	10	0	0	0	0	0	9.91457858533415	0	0	0.598556371837326	0	0	1	0	0	0	0
TANGO1_ROV7_7_034.png	TANGO1_ROV7_7_034.png	0	0	0	0	0	0	0	0	0	0	11.793654544645	0	0	0	0	0	0	0	0	0	2	2	0	0	0	0	0	9.46687158369568	0	0	0	0	0	2	0	0	0	0
TANGO1_ROV7_7_035.png	TANGO1_ROV7_7_035.png	0	0	0	0	0	0	0	0	0	0	4.87385492002788	0	0	0	0	0	0	0	0	0	18	1	0	0	0	0	0	2.11595641959586	0	0	0	0	0	1	0	0	0	0
TANGO1_ROV7_7_036.png	TANGO1_ROV7_7_036.png	0	0	0	0	0	0	0	0	0	0	4.63362976186591	0	0	0	0	0	0	0	0	0	8	0	0	0	0	0	0	4.36826621298171	0	0	0.0767990945731297	0	0	4	0	0	0	0
TANGO1_ROV7_7_037.png	TANGO1_ROV7_7_037.png	3	0	0	0	0	0	0	0	0	0	7.98886302405413	0	0	0	0	0	0	0	0	0	9	6	0	0	0	0	0	22.0864377513889	0	0	0	0	0	10	0	0	0	0
TANGO1_ROV7_7_038.png	TANGO1_ROV7_7_038.png	0	0	0	0	0	0	0	0	0	0	2.79136564344443	0	0	0	0	0	0	0	0	0	0	15	0	0	0	0	0	13.6249224500253	1	0	0	0	0	8	0	0	0	0
TANGO1_ROV7_7_039.png	TANGO1_ROV7_7_039.png	0	0	0	0	0	0	0.898958940156248	0	0	0	1.64014880418272	0	0	0	0	0	0	0	0	0	0	0	0	0	0	0	0	4.10843066224597	1	0	0	0	0	7	1	0	0	0
TANGO1_ROV7_7_040.png	TANGO1_ROV7_7_040.png	3	0	0	0	0	0	0	0	0	0	8.33540550234307	0	0	0	0	0	0	0	0	0	0	8	0	0	0	0	0	19.2485520736148	0	0	0	0	0	1	0	0	0	0
TANGO1_ROV7_7_041.png	TANGO1_ROV7_7_041.png	0	0	0	0	0	0	0	0	0	0	8.0631202868326	0	0	0	0	0	0	0	0	0	0	2	0	0	0	0	0	30.585660998915	0	0	0	0	0	8	0	0	0	0
TANGO1_ROV7_7_042.png	TANGO1_ROV7_7_042.png	19	0	0	0	0	0	0	0	0	0	6.93769668209814	0	0	0	0	0	0	0	0	0	7	4	0	0	0	0	0	48.7266592788858	0	0	0	0	0	2	0	0	0	0
TANGO1_ROV7_7_043.png	TANGO1_ROV7_7_043.png	0	0	0	0	0	0	0	0	0	0	4.70317884911419	0	0	0	0	0	0	0	0	0	3	3	0	0	0	0	0	22.3453319126919	0	0	0	0	0	2	0	0	0	0
TANGO1_ROV7_7_044.png	TANGO1_ROV7_7_044.png	11	0	0	0	0	0	0	0	0	0	2.46244757519933	0	0	0	0	0	0	0	0	0	0	13	0	0	0	0	0	14.9362464724132	0	0	0	0	0	1	0	0	0	0
TANGO1_ROV7_7_045.png	TANGO1_ROV7_7_045.png	6	0	0	0	0	0	0	0	0	0	1.00710679522792	0	0	0	0	0	0	0	0	0	0	4	0	0	0	0	0	6.16393203588695	0	0	0	0	0	0	0	0	0	0
TANGO1_ROV7_7_046.png	TANGO1_ROV7_7_046.png	0	0	0	0	0	0	0	0	0	0	12.7611237748385	0	0	0	1.83026582567129	0	0	0	0	0	2	4	0	0	0	0	0	2.66572919746841	0	0	0.290920284426546	0	0	1	0	0	0	0
TANGO1_ROV7_7_048.png	TANGO1_ROV7_7_048.png	0	0	0	0	0	0	0	0	0	0	14.7757678648691	0	0	0	0	0	0	0	0	0	0	0	0	0	0	0	0	0.931621112965292	0	0	0.58732587534894	0	0	0	0	0	0	0
TANGO1_ROV7_7_049.png	TANGO1_ROV7_7_049.png	0	0	0	0	0	0	0	0	0	0	8.21259736923267	0	0	0	0	0	0	0	0	0	0	2	0	0	0	0	2	1.78153415059589	0	0	0	0	0	0	0	0	0	0
TANGO1_ROV9_q2_ortho_whole.tif1	TANGO1_ROV9_q2_ortho_whole.tif	0	0	0	0	0	0	0	0	0	0	0	0	0	0	0	0	0	0	0	0	66	14	0	0	0	0	0	0.191984600866699	0	0	0.613700479394492	0	0	0	0	0	0	0
TANGO1_ROV9_q2_ortho_whole.tif10	TANGO1_ROV9_q2_ortho_whole.tif	0	0	0	0	0	0	0	0	0	0	0	0	0	0	0	0	0	0	0	0	44	40	0	0	0	0	0	0	0	0	0	0	0	0	0	0	0	0
TANGO1_ROV9_q2_ortho_whole.tif11	TANGO1_ROV9_q2_ortho_whole.tif	0	0	0	0	0	0	0	0	0	0	0	0	0	0	0	0	0	0	0	0	29	24	0	0	0	0	0	0	0	0	0	0	0	0	0	0	0	0
TANGO1_ROV9_q2_ortho_whole.tif12	TANGO1_ROV9_q2_ortho_whole.tif	0	0	0	0	0	0	0	0	0	0	0	0	0	0	0	0	0	0	0	0	39	41	0	0	0	0	0	0	0	0	0	0	0	0	1	0	0	0
TANGO1_ROV9_q2_ortho_whole.tif13	TANGO1_ROV9_q2_ortho_whole.tif	0	0	0	0	0	0	0	0	0	0	0	0	0	0.0546188418745744	0	0	0	0	0	0	16	32	0	0	0	0	0	0	0	0	0	0	0	0	0	0	0	0
TANGO1_ROV9_q2_ortho_whole.tif14	TANGO1_ROV9_q2_ortho_whole.tif	0	0	0	0	0	0	0	0	0	0	0	0	0	0	0	0	0	0	0	0	1	0	0	0	0	0	0	0	0	0	0	0	0	0	0	0	0	0
TANGO1_ROV9_q2_ortho_whole.tif15	TANGO1_ROV9_q2_ortho_whole.tif	0	0	0	0	0	0	0	0	0	0	0	0	0	0	0	0	0	0	11	0	98	12	0	0	0	0	0	0	0	0	0	0	0	0	0	0	0	0
TANGO1_ROV9_q2_ortho_whole.tif16	TANGO1_ROV9_q2_ortho_whole.tif	0	0	0	0	0	0	0	0	0	0	0	0	0	0	0.579474793610275	0	0	0	16	0	86	9	0	0	0	0	0	1.87303465629502	0	0	3.21520470340058	0	0	0	0	0	0	0
TANGO1_ROV9_q2_ortho_whole.tif17	TANGO1_ROV9_q2_ortho_whole.tif	0	0	0	0	0	0	0	0	0	0	0	0	0	0	2.36466478879756	0	0	0	1	0	2	6	0	0	0	0	0	0.250862831883737	0	0	0.101722729397079	0	0	0	0	0	0	0
TANGO1_ROV9_q2_ortho_whole.tif18	TANGO1_ROV9_q2_ortho_whole.tif	0	0	0	0	0	0	0	0	0	0	0	0	0	0	0	0	0	0	7	0	7	1	0	0	0	0	0	0	0	0	0	0	0	0	0	0	0	0
TANGO1_ROV9_q2_ortho_whole.tif19	TANGO1_ROV9_q2_ortho_whole.tif	0	0	0	0	0	0	0	0	0	0	0	0	0	0	0	0	0	0	0	0	0	0	0	0	0	0	0	0.0109169497316176	0	0	0	0	0	0	0	0	0	0
TANGO1_ROV9_q2_ortho_whole.tif2	TANGO1_ROV9_q2_ortho_whole.tif	0	0	0	0	0	0	0	0	0	0	0	0	0	0	0	0	0	0	5	0	78	8	0	0	0	0	0	0.0684692895805886	0	0	0.760730193428504	0	0	0	0	0	0	0
TANGO1_ROV9_q2_ortho_whole.tif20	TANGO1_ROV9_q2_ortho_whole.tif	2	0	0	0	0	0	0	0	0	0	0	0	0	0	2.36466478879756	0	0	0	2	0	2	11	0	0	0	0	0	1.0032779482035	0	0	1.28705325307156	0	0	0	0	0	0	0
TANGO1_ROV9_q2_ortho_whole.tif21	TANGO1_ROV9_q2_ortho_whole.tif	0	0	0	0	0	0	0	0	0	0	0	0	0	0	0	0	0	0	1	0	0	0	0	0	0	0	0	0.031629313809056	0	0	2.40420030228259	0	0	0	0	0	0	0
TANGO1_ROV9_q2_ortho_whole.tif22	TANGO1_ROV9_q2_ortho_whole.tif	0	0	0	0	0	0	0	0	0	0	0	0	0	0	0.162234633688088	0	0	0	0	0	2	1	0	0	0	0	0	0	0	0	8.34372540841482	0	0	0	0	0	0	0
TANGO1_ROV9_q2_ortho_whole.tif23	TANGO1_ROV9_q2_ortho_whole.tif	0	0	0	0	0	0	0	0	0	0	0	0	0	0	0	0	0	0	0	0	0	0	0	0	0	0	0	0	0	0	0.844444982966699	0	0	0	0	0	0	0
TANGO1_ROV9_q2_ortho_whole.tif24	TANGO1_ROV9_q2_ortho_whole.tif	0	0	0	0	0	0	0	0	0	0	0	0	0	0	0.0212811782064669	0	0	0	0	0	0	0	0	0	0	0	0	0	0	0	0.341749969500523	0	0	0	0	0	0	0
TANGO1_ROV9_q2_ortho_whole.tif25	TANGO1_ROV9_q2_ortho_whole.tif	6	0	0	0	0	0	0	0	0	0	0	0	0	0	0	0	0	0	0	0	0	0	0	0	0	0	0	0	0	0	0.267657321075785	0	0	0	0	0	0	0
TANGO1_ROV9_q2_ortho_whole.tif26	TANGO1_ROV9_q2_ortho_whole.tif	0	0	0	0	0	0	0	0	0	0	0	0	0	0	0	0	0	0	0	0	0	0	0	0	0	0	0	1.33985150475945	0	0	4.48427569117527	0	0	0	0	0	0	0
TANGO1_ROV9_q2_ortho_whole.tif27	TANGO1_ROV9_q2_ortho_whole.tif	0	0	0	0	0	0	0	0	0	0	0	0	0	0	0.0477568969742895	0	0	0	0	0	0	0	0	0	0	0	0	0.197037775253284	0	0	0.622860527432528	0	0	0	0	0	0	0
TANGO1_ROV9_q2_ortho_whole.tif3	TANGO1_ROV9_q2_ortho_whole.tif	0	0	0	0	0	0	0	0	0	0	0	0	0	0	0	0	0	0	12	0	86	6	0	0	0	0	0	0	0	0	0.304502870821278	0	0	0	0	0	0	0
TANGO1_ROV9_q2_ortho_whole.tif4	TANGO1_ROV9_q2_ortho_whole.tif	0	1	0	0	0	0	0	0	0	0	0	0	0	0	0	0	0	0	26	0	98	27	0	0	0	0	0	0	0	0	1.21319097403662	0	0	0	0	0	0	0
TANGO1_ROV9_q2_ortho_whole.tif5	TANGO1_ROV9_q2_ortho_whole.tif	0	0	0	0	0	0	0	0	0	0	0	0	0	0	0	0	0	0	70	0	77	11	0	0	0	0	0	0	0	0	2.3088157643601	0	0	0	0	0	0	0
TANGO1_ROV9_q2_ortho_whole.tif6	TANGO1_ROV9_q2_ortho_whole.tif	0	0	0	0	0	0	0	0	0	0	0	0	0	0	0	0	0	0	83	0	93	37	0	0	0	0	0	0.0192038384375174	0	0	2.30293818151691	0	0	0	0	0	0	0
TANGO1_ROV9_q2_ortho_whole.tif7	TANGO1_ROV9_q2_ortho_whole.tif	0	0	0	0	0	0	0	0	0	0	0	0	0	0	0	0	0	0	16	0	62	99	0	0	0	0	0	0.417115713249386	0	0	2.30293818151691	0	0	0	0	0	0	0
TANGO1_ROV9_q2_ortho_whole.tif8	TANGO1_ROV9_q2_ortho_whole.tif	0	0	0	0	0	0	0	0	0	0	0	0	0	0	0	0	0	0	0	0	74	116	0	0	0	0	0	0.639661905755549	0	0	0	0	0	0	1	0	0	0
TANGO1_ROV9_q2_ortho_whole.tif9	TANGO1_ROV9_q2_ortho_whole.tif	0	0	0	0	0	0	0	0	0	0	0	0	0	0	0	0	0	0	0	0	19	87	0	0	0	0	0	0.167651860179857	0	0	0	0	0	0	0	0	0	0