,anemone,banana_star_msp7,beige_bivalve_msp1,big_spotted_star_msp14,bivalve,blue_holoth_msp1,branching_red_algae_msp1,branching_red_algae_msp2,brittle_msp1,brown_star_msp9,Bryozoa,carrot_star_msp4,chunky_orange_star_msp16,chunky_star_msp11,desmarestia_msp1,desmarestia_msp2,echiura_msp1,edwardsiella_msp4,encrusting_algae,encrusting_sponge,erect_sponge,filamentous_filiform_algae,filamentous_green_algae,fine_orange_msp4,finger_sponge_msp1,fish,glitter_star_msp3,glypt_ant,green_encr_algae,green_sheet_algae_msp1,himantothallus_msp1,laminate_brown,large_yellow_msp3,laternula,light_brown_star_msp15,macroalgae,medium_yellow_star_msp13,mollusc,nacella,nudibranch,orange_anemone_msp1,orange_blob_msp5,orange_holoth_msp4,pale_yellow_ascidian_msp5,parborlasia_corrugatus,pink_encr_algae_msp1,pink_star_msp1,pycnogonid_msp1,red_brown_ascidian_msp4,red_or_brown_sheet_algae_msp0,red_sheet_msp1,skinny_white_star_msp12,skinny_yellow_star_msp10,small_pink_worm_msp1,small_white_worm_msp2,small_yellow_star_msp6,spiky_massive_msp9,spiky_yellow_msp7,sponges,starfish,sun_star_msp2,terebellidae,translucent_blob,urchin_msp1,wavy_msp3,white_amphipod_msp1,white_anemone_msp3,white_ascidian_msp3,white_bunny_msp1,white_holoth_msp2,white_massive_msp10,white_porcupine_msp2,white_snail,white_star_msp8,worm,yellow_anemone_msp2,yellow_ascidian_msp2,yellow_blob_msp2,yellow_brown_ascidian_msp1,yellow_finger_msp8,yellow_star_msp5
TANGO2_ROV10_1_036.png,0,0,0,0,0,0,0,0,0,0,0,0,0,0,77.78139841,2.956309733,0,0,0,0,0,0,0,0,0,0,0,0,0,0,0,0,0,0,0,0,0,0,2,0,0,0,0,0,0,0.051084059,0,0,0,0,16.47517487,0,1,0,0,0,0,0,0,0,0,0,0,0,0,0,0,0,0,0,0,0,0,0,0,0,0,0,0,0,0
TANGO2_ROV10_2_004.png,0,0,0,0,0,0,0,0,0,0,0,0,0,0,0,2.568757497,0,0,0,0,0,0,0,0.081455866,0,0,0,0,0,0,81.08509285,0,0,0,0,0,0,0,0,0,0,0,0,0,0,0.849568703,0,0,0,0,2.546479585,0,0,0,0,0,0,0,0,0,0,0,0,0,0,0,0,0,0,0,0,0,0,0,0,0,0,0,0,0,0
TANGO2_ROV10_2_024.png,0,0,0,0,0,0,0,0,0,0,0,0,0,0,0,0,0,0,0,0,0,0,0,0,0,0,0,0,0,0,0,0,0,4,0,0,0,0,0,0,0,0,0,0,0,0,0,0,0,0,4.235913802,0,0,0,0,0,0,0,0,0,1,0,0,0,0,0,0,0,0,0,0,0,3,0,0,0,0,0,0,0,0
TANGO2_ROV10_2_033.png,0,0,0,0,0,0,0,0,0,0,0,0,0,0,0,0.8434863,0,0,0,0,0,0,0,0,0,0,0,0,0,0,0,0,0,0,0,0,0,0,0,0,0,0,0,0,0,0,0,0,0,0,0.830390087,0,0,0,0,0,0,0,0,0,2,0,0,0,0,0,0,0,0,0,0,0,0,0,0,0,0,0,0,0,0
TANGO2_ROV10_2_059.png,0,0,0,0,0,0,0,0,0,0,0,0,0,0,0,0,0,0,0,0,0,0,0,0,0,0,0,0,0,0,0,0,0,0,0,0,0,0,0,0,0,0,0,0,0,0,0,0,0,0,0,0,0,0,0,0,0,0,0,0,0,0,0,0,0,0,0,0,0,0,0,0,1,0,0,0,0,0,0,0,0
TANGO2_ROV10_2_068.png,0,0,0,0,0,0,0,0,0,0,0,0,0,0,0,4.831445231,0,0,0,0,0,0,0,0,0,0,0,0,0,0,0,0,0,0,0,0,0,0,0,0,0,0,0,0,0,0,0,0,0,0,0.173629876,0,0,0,0,0,0,0,0,0,1,0,0,0,0,0,0,0,0,0,0,0,1,0,0,0,0,0,0,0,0
TANGO2_ROV10_3_004.png,0,1,0,0,0,0,0,0,0,0,0,0,0,0,0,2.575629632,0,0,0,0,0,0,0,0,0,0,0,0,0,0,0,0,0,0,0,0,0,0,0,0,0,0,0,0,0,0,0,0,0,0,14.43111645,0,0,0,0,0,0,0,0,0,1,0,0,0,0,0,0,0,0,0,0,0,0,2,0,0,0,0,0,0,0
TANGO2_ROV10_3_021.png,0,0,0,0,0,0,6.000106592,0,0,0,0,0,0,0,0,0,0,0,0,0,0,0,0,0,0,0,0,0,0,0,6.64759922,0,0,0,0,0,0,0,0,0,0,0.328335328,0,0,0,0.64874875,0,0,0,0,3.597796983,0,0,0,0,0,0,0,0,0,0,0,0,0,0,0,0,0,0,0,0,0,2,0,0,0,0,0,0,0,0
TANGO2_ROV10_3_032.png,0,0,0,0,0,0,0,0,0,0,0,0,0,0,0,0,0,0,0,0,0,0,0,0,0,0,0,0,0,0,0,0,0,0,0,0,0,0,0,0,0,0,0,0,0,5.091880562,0,0,0,0,1.65342997,0,0,0,0,0,0,0,0,0,2,0,0,0,0,0,0,0,0,0,0,0,1,0,0,0,0,0,0,0,0
TANGO2_ROV10_3_042.png,0,0,0,0,0,0,1.561013719,1.470544559,0,0,0,0,0,0,0,17.91715227,0,0,0,0,0,0,0,0,0,0,0,0,0,0,0,0,0,0,0,0,0,0,0,0,0,0.202405683,0,0,0,2.873804689,1,0,0,0,5.824189823,0,0,0,0,0,0,0,0,0,0,0,0,0,0,0,0,0,0,0,0,0,0,0,0,0,0,0.118690653,0,0,0
TANGO2_ROV10_3_050.png,0,0,0,0,0,0,0,0,0,0,0,0,0,0,0,0,0,0,0,0,0,0,0,0,0,0,0,0,0,0,0,0,0,0,0,0,0,0,0,0,0,0,0,0,0,0.365327421,0,0,0,0,0.021120141,0,0,0,0,0,0,0,0,0,0,0,0,0,0,0,0,0,0,0,0,0,0,0,0,0,0,0,0,0,0
TANGO2_ROV10_3_059.png,0,0,0,0,0,0,0,0,0,0,0,0,0,0,0,0,0,0,0,0,0,0,0,0,0,0,0,0,0,0,0,0,0,0,0,0,0,0,0,0,0,0.296407985,0,0,0,6.421293009,0,0,0,0,0.424014116,0,0,0,1,0,0,0,0,0,0,0,0,0,0,0,0,0,0,0,0,0,0,2,0,0,0,0,0,0,0
TANGO2_ROV10_3_068.png,0,0,0,0,0,0,0,0,0,0,0,0,0,0,0,2.76799161,0,0,0,0,0,0,0,0,0,0,0,0,0,0,72.22333648,0,0,0,0,0,0,0,0,0,0,0,0,0,0,0.051212934,0,0,0,0,0.23215493,0,0,0,0,0,0,0,0,0,0,0,0,0,0,0,0,0,0,0,0,0,1,0,0,0,0,0,0,0,0
TANGO2_ROV10_4_004.png,0,0,0,0,0,0,0,0,0,0,0,0,0,0,33.89958557,12.69292835,0,0,0,0,0,0,0,0,0,0,0,0,0,0,47.6772494,0,0,0,0,0,0,0,0,0,0,0,0,0,0,0,0,0,0,0,4.09646764,0,0,0,0,0,0,0,0,0,0,0,0,0,0,0,0,0,0,0,0,0,0,0,0,0,0,0,0,0,0
TANGO2_ROV10_4_013.png,0,0,0,0,0,0,0.339628648,0.109721665,0,0,0,0,0,0,0,6.117057806,0,0,0,0,0,0,0,0,0,0,0,0,0,0,75.81074562,0,0,0,0,0,0,0,0,0,0,0.071821809,0,0,0,7.471158143,0,0,0,0,3.425920751,0,0,0,0,0,0,0,0,0,0,0,0,0,0,0,0,0,0,0,0,0,0,0,0,0,0,0,0,0,0
TANGO2_ROV10_4_025.png,0,0,0,0,0,0,5.788159848,0,0,0,0,0,0,0,0,12.99529021,0,0,0,0,0,0,0,0,0,0,0,0,0,0,61.06815472,0,0,0,0,0,0,0,0,0,0,0.169989601,0,0,0,0.085052223,0,0,0,0,5.314879716,0,0,0,0,0,0,0,0,0,0,0,0,0,0,0,0,0,0,0,0,0,4,0,0,0,0,0,0,0,0
TANGO2_ROV10_4_034.png,0,0,0,0,0,0,0,0,0,0,0,0,0,0,0,0,0,0,0,0.963607912,0,0,0,0,0,0,0,0,0,0,0,0,0,0,0,0,0,0,0,0,0,0,0,0,0,0.97237517,0,0,0,0,8.744461681,0,0,0,0,0,0,0,0,0,1,0,0,0,0,0,0,0,0,0,0,0,4,0,0,0,0,0,0,0,0
TANGO2_ROV10_4_042.png,0,0,0,0,0,0,7.022085675,0,0,0,0,0,0,0,0,0,0,0,0,0.907591504,0,0,0,0,0,0,0,0,0,0,14.92803148,0,0,0,0,0,0,0,0,0,0,0.130223281,0,0,0,1.852699134,0,0,0,0,7.4801219,1,0,0,0,0,0,0,0,0,0,0,0,0,0,0,0,0,0,0,0,0,2,1,0,0,0,0.103136353,0,0,0
TANGO2_ROV10_4_052.png,0,0,0,0,0,0,0,0.744190127,0,0,0,0,0,0,0,0,0,0,0,1.208897824,0,0,0,0,0,0,0,0,0,0,0.30365645,0.804998319,0,0,0,0,0,0,0,0,0,0,0,0,0,0,0,0,0,0,0.614942479,0,0,0,0,0,0,0,0,0,0,0,0,0,0,0,0,0,0,0,0,0,0,0,0,0,0,0,0,0,0
TANGO2_ROV10_4_064.png,0,0,0,0,0,0,0.826319057,0,0,0,0,0,0,0,0,0.132523398,0,0,3.167981206,0.197440156,0,0,0,0,0,0,0,0,0,0,0,1.423349152,0,0,0,0,0,0,0,0,0,0,0,0,0,0,0,0,0,0,9.76123337,0,0,0,0,0,0,0,0,0,0,0,0,0,0,0,0,0,0,0,0,0,0,0,0,0,0,0.28017574,0,0,0
TANGO2_ROV10_5_004.png,0,0,0,1,0,0,3.886405604,0,0,0,0,0,0,0,0,0.824185694,0,0,0,0.598530802,0,0,0,0,0,0,0,0,0,0,41.78711685,0,0,0,0,0,0,0,0,0,0,0.153801361,0,0,0,3.353374354,0,0,0,0,9.064667244,0,0,0,0,0,0,0,0,0,0,0,0,0,0,0,0,0,0,0,0,0,4,0,0,0,0,0.04698094,0,0,0
TANGO2_ROV13_1_066.png,0,0,0,0,0,0,0,0,0,0,0,0,0,0,0,0,0,0,0,0,0,0,0,0,0,0,0,0,0,0,0,0,0,0,0,0,0,0,0,0,0,0,0,0,0,0,0,0,0,0,0,0,0,0,0,0,0,0,0,0,0,0,0,0,0,0,0,0,0,0,0,0,0,0,1,0,0,0,0,0,0
TANGO2_ROV13_2_012.png,0,0,0,0,0,0,0,0,0,0,0,0,0,0,0,0,0,0,0,0,0,93.94083579,0,0,0,0,0,0,0,0.131433512,27.79544268,0,0,0,0,0,0,0,0,0,0,0,0,0,0,0,1,0,0,0,5.344510176,0,0,0,0,0,0,0,0,0,0,0,0,0,0,0,0,0,0,0,0,0,0,0,0,0,0,0,0,0,0
TANGO2_ROV13_2_016.png,0,0,0,0,0,0,0,0,0,0,0,0,0,0,0,0,0,0,0,0,0,100,0,0,0,0,0,0,0,0,0,0,0,0,0,0,0,0,0,0,0,0,0,0,0,0,1,0,0,0,0,0,0,0,0,0,0,0,0,0,0,1,0,0,0,0,0,0,1,0,0,0,4,0,0,0,0,0,0,0,0
TANGO2_ROV13_2_023.png,0,0,0,0,0,1,0,0,0,0,0,0,0,0,0,0,0,0,0,0,0,99.58115082,0,0,2.282252411,0,0,0,0,0,0,0,0,0,0,0,0,0,0,0,0,0,0,0,0,0,7,0,0,0,0,0,0,0,0,0,0,0,0,0,0,4,0,0,0,0,0,0,0,0,0,0,0,0,0,0,0,0,0,0,0
TANGO2_ROV13_2_027.png,0,0,0,0,0,1,0,0,0,0,0,0,0,0,0,0,0,1,0,0,0,99.99178736,0,0,0,0,0,0,0,0.99452426,0,0,0,0,0,0,0,0,0,0,0,0,0,0,1,0,1,0,0,0,0,0,0,0,0,0,0,1.168520015,0,0,0,3,0,0,0,0,0,0,0,0,0,0,0,0,0,0,0,0,0,0,0
TANGO2_ROV13_2_031.png,0,0,0,0,0,1,0,0,0,0,0,0,0,0,0,0,0,0,0,0,0,60.05213349,0,0,0,0,0,0,0,0,0,0,0,0,0,0,0,0,0,0,0,0,0,0,0,0,5,0,0,0,0.899161853,0,0,0,0,0,0,0,0,0,0,2,0,0,0,0,0,0,0,0,0,0,0,0,0,0,0,0,0,0,0
TANGO2_ROV13_2_033.png,0,0,0,0,0,2,0,0,0,0,0,0,0,0,0,0,0,0,0,0,0,36.68676995,0,0,0,0,0,0,0,0.239074718,0,0,0,0,0,0,0,0,0,0,0,0,0,0,0,0,4,0,0,0,12.8324901,0,0,0,0,0,0,0,0,0,0,3,0,0,0,0,0,0,0,0,0,0,0,0,0,0,0,0,0,0,0
TANGO2_ROV13_2_039.png,0,0,0,0,0,0,0,0,0,0,0,0,0,0,0,0,0,0,0,0,0,90.70117953,0,0,0,0,0,0,0,0,0,0,0,0,0,0,0,0,1,0,0,0,0,0,0,0,4,0,0,0,0,0,0,0,0,0,0,0,0,0,0,2,0,0,1,0,0,0,0,0,0,0,0,0,0,0,0,0,0,0,0
TANGO2_ROV13_2_045.png,0,0,0,0,0,0,0,0,0,0,0,0,0,0,0,0,0,0,0,0,0,81.19520001,0,0,0,0,0,0,0,0,0,0,0,0,0,0,0,2,0,0,0,0,0,0,0,0.121092533,2,0,0,0,0,0,0,0,0,0,0,0.836981883,0,0,0,5,0,0,0,0,0,0,2,0,0,0,1,0,0,0,0,0,0,0,0
TANGO2_ROV13_2_051.png,0,0,0,0,0,0,0,0,0,0,0,0,0,0,0,0,0,0,0,0,0,94.93882317,0,0,0,0,0,0,0,0,0,0,0,0,0,0,0,0,0,0,0,0,0,0,0,0,7,0,0,0,0,0,0,0,0,0,0,0,0,0,0,4,0,0,0,0,0,0,0,0,0,0,0,0,0,0,0,0,0,0,0
TANGO2_ROV13_3_058.png,0,0,0,0,0,0,0,0,0,0,0,0,0,0,0,0,0,0,0,0,0,62.39682187,0,0,0,0,0,0,0,0.058244788,0,0,0,0,2,0,0,0,0,0,0,0,0,0,0,0,0,0,0,0,2.385472595,0,0,0,0,0,0,0,0,0,0,0,0,0,0,0,0,0,0,0,0,0,0,0,0,0,0,0,0,0,0
TANGO2_ROV13_4_008.png,0,0,0,0,0,0,0,0,0,0,0,0,0,0,0,0,0,0,0,0,0,22.24498184,0,0,0,0,0,0,0,0,0,0,0,0,0,0,0,0,0,1,0,0,0,0,0,0,0,0,0,0,0,0,0,0,0,0,0,4.648468992,0,0,0,0,0,1,0,0,0,0,0,0,0,0,0,0,0,0,0,0,0,0,0
TANGO2_ROV13_4_039.png,0,0,0,0,0,0,0,0,0,0,0,0,0,0,0,0,0,0,0,0,0,0,0,0,0,0,0,0,0,0,0,0,0,0,0,0,0,0,0,0,0,0,0,0,0,0,4,0,0,0,0,0,0,0,0,0,0,0,0,0,0,1,0,0,0,0,0,0,0,1,0,0,0,0,0,0,0,0,0,0,0
TANGO2_ROV13_4_046.png,0,0,0,0,0,0,0,0,0,0,0,0,0,0,0,0,0,0,0,0,0,5.014675479,0,0,0,0,0,0,0,0,0,0,0,0,0,0,0,0,0,0,0,0,0,0,0,0,7,0,0,0,4.770058016,0,0,0,0,0,0,0,0,0,0,0,0,0,0,0,0,0,0,0,0,0,0,0,0,0,0,0,0,0,0
TANGO2_ROV13_4_048.png,0,0,0,0,0,0,0,0,0,0,0,0,0,0,0,0,0,0,0,0,0,0,0,0,0,0,0,0,0,0,0,0,0,0,0,0,0,0,0,0,0,0,0,0,0,0.734500527,7,0,1,0,1.677246779,1,0,0,0,0,0,0,0.380061663,0,0,1,0,0,0,0,0,0,0,1,0,0,0,0,0,0,0,0,0,0,0
TANGO2_ROV13_4_059.png,0,0,0,0,0,0,0,0,0,0,0,0,0,0,0,0,0,0,0,0,0,0,0,0,0,0,0,0,0,0,0,0,0,0,0,0,0,0,0,0,0,0,0,0,0,0,28,0,0,0,0,0,0,0,0,0,0,0,0,0,0,0,0,0,0,0,0,0,0,0,0,0,0,0,0,0,0,0,0,0,0
TANGO2_ROV13_4_063.png,0,0,0,0,0,0,0,0,0,0,0,0,0,0,0,0,0,0,0,0,0,0,0,0,0,0,0,0,0,0,0,0,0,0,0,0,0,0,0,0,0,0,0,0,0,0,26,0,0,0,0.05106929,0,0,0,0,0,0,0,0,0,0,2,0,0,0,0,0,0,0,0,0,0,0,0,0,0,0,0,0,0,0
TANGO2_ROV13_4_068.png,0,1,0,0,0,0,3.71037925,0,0,0,0,0,0,0,0,0,0,0,0,0,0,27.12904455,0,0,0,0,0,0,0,0,0,0,0,0,0,0,0,0,0,0,0,0,0,0,0,0.464780572,58,0,0,0,0,0,0,0,0,0,0,1.058879895,0,0,0,0,0,0,0,0,0,0,0,1,0,0,2,0,0,0,0,0,0,0,0
TANGO2_ROV13_5_005.png,0,1,0,1,0,0,0,1.55324408,0,0,0,0,0,0,0,0,0,0,0,0,0,57.49783716,0,0,0,0,0,0,0,0,0,0,0,0,0,0,0,0,0,0,0,0,0,0,0,0,10,0,0,0,0.11149032,0,0,0,0,0,0,0,0,0,0,2,0,0,0,0,0,0,0,0,0,0,0,0,0,0,0,0,0,0,0
TANGO2_ROV13_6_028.png,0,0,0,0,0,0,0,0,0,2,0,0,0,0,0,0,0,0,0,0,0,25.86631768,0,0,0,0,0,0,0,0.053309762,0,0,0,0,2,0,0,0,0,0,0,0,0,0,0,0,0,0,0,0,5.705181408,0,0,0,0,0,0,0,0,0,0,0,0,0,0,0,1,0,0,0,0,0,1,0,0,0,0,0,0,0,0
TANGO2_ROV13_6_032.png,0,0,0,0,0,0,0,0,0,0,0,0,0,0,0,0,0,0,0,0,0,14.97850963,0,0,0,0,0,0,0,0,0,0,0,0,1,0,0,0,0,0,0,0,0,0,0,0,0,1,0,0,0,0,0,0,0,0,0,0,0,0,0,0,0,0,0,0,0,0,0,0,0,0,0,0,0,0,0,0,0,0,0
TANGO2_ROV13_6_037.png,0,0,0,0,0,0,0,0,0,0,0,0,0,0,0,0,0,2,0,0,0,20.05557691,0,0,0,0,0,0,0,0.231735851,0,0,0,0,0,0,0,0,0,1,0,0,0,0,0,0,0,0,0,0,0,0,0,0,0,0,0,0,0,0,0,0,0,0,0,0,0,0,0,0,0,0,0,0,0,0,0,0,0,0,0
TANGO2_ROV13_6_040.png,0,0,0,0,0,0,0,0,0,0,0,0,0,0,0,0,0,0,0,0,0,38.47259782,0,0,0,0,0,0,0,0.318607506,0,0,0,0,0,0,0,0,0,0,0,0,0,0,0,0,0,0,0,0,2.439847699,0,0,0,0,0,0,5.983820585,0,0,0,0,0,0,0,0,0,0,0,0,0,0,0,0,0,0,0,0,0,0,0
TANGO2_ROV13_6_050.png,0,0,0,0,0,0,0,0,0,0,0,0,0,0,0,0,0,3,0,0,0,30.03114298,0,0,0,0,0,0,0,0.864528982,0,0,0,0,0,0,0,0,0,1,0,0,0,0,0,0,1,0,0,0,0,0,0,0,0,0,0,0.501282807,0,0,0,0,0,0,0,0,0,0,0,0,0,0,0,0,0,0,0,0,0,0,0
TANGO2_ROV13_6_068.png,0,0,0,0,0,1,1.015859737,0,0,0,0,0,0,0,0,0,0,0,0,0,0,39.99329044,0,0,0,0,0,0,0,0,0,0,0,0,0,0,0,0,0,0,0,0,0,0,0,0,3,0,0,0,1.825591158,0,0,0,0,0,0,0.288755667,0,0,0,2,0,0,0,0,0,0,1,0,0,0,0,0,0,0,0,0,2,0,0
TANGO2_ROV13_6_069.png,0,0,0,0,0,0,0,0,0,0,0,0,0,0,0,0,0,0,0,0,0,26.84931718,0,0,0,0,0,0,0,0,0,0,0,0,0,0,0,0,0,6,0,0,0,0,0,0.264281854,0,0,0,0,1.649178408,0,0,0,0,0,0,2.61927037,0,0,0,0,0,2,0,0,0,0,1,0,0,0,0,0,0,0,0,0,0,0,0
TANGO2_ROV13_7_026.png,0,0,0,0,0,0,0,4.393055028,0,0,0,0,0,0,0,0,0,1,0,0,0,0,0,0,0,0,0,0,0,0,0,0,0,0,0,0,0,0,0,0,0,0,0,0,0,0,13,0,0,0,0,0,0,0,0,0,0,0,0,0,0,0,0,0,0,0,0,0,0,0,0,0,1,0,0,0,0,0,0,0,0
TANGO2_ROV13_7_041.png,0,0,0,0,0,0,0,0,0,0,0,0,0,0,0,0,0,0,0,0,0,63.93281973,0,0,0,0,0,1,0,0,0,0,0,0,0,0,0,0,0,0,0,0,0,0,0,0,21,0,0,0,0,0,0,0,0,0,0,0,0,0,0,0,0,0,0,0,0,0,0,0,0,0,0,0,0,0,0,0,0,0,0
TANGO2_ROV14_1_053.png,0,0,0,0,0,0,0.127630812,0,0,0,0,0,0,0,0,0,0,2,0,0,0,0,0,0,0,0,0,0,0,0,0,0,0,10,0,0,0,0,0,0,0,0,0,0,0,0,0,0,0,0,0.073071881,0,0,0,0,0,0,0,0,0,0,0,0,0,0,0,0,0,0,0,0,0,0,0,0,0,0,0,0,0,0
TANGO2_ROV14_1_057.png,0,0,0,0,0,0,0,0,0,0,0,0,0,0,0,0,0,1,0,0,0,0,0,0,3.402868903,0,0,0,0,0,0,0,0,12,0,0,0,0,0,0,1,0,0,0,0,0.349001573,0,0,0,0,0.499357349,0,0,0,0,0,0,0,0,0,0,0,0,0,0,0,0,0,0,0,0,0,0,0,0,0,0,0,0,0,0
TANGO2_ROV14_1_063.png,0,0,0,0,0,0,0,0,0,0,0,0,0,0,0,0,0,1,0,0,0,0,0,0,0,0,0,0,0,0,0,0,0,3,0,0,0,0,0,0,0,0,0,0,0,0,0,0,0,0,0,0,0,0,0,0,0,0,0,0,0,0,0,0,0,0,0,0,0,0,0,0,1,0,0,0,0,0,0,0,0
TANGO2_ROV14_2_026.png,0,0,0,0,0,0,70.77822358,0,0,0,0,0,0,0,0,0,0,0,0,0,0,0,0,0,0,0,0,0,0,0,28.77469728,0,0,0,0,0,0,0,0,0,6,0,0,0,0,0,0,0,0,0,0,0,0,0,0,0,0,0,0,0,0,0,0,0,0,0,1,0,0,0,0,0,4,0,0,3,0,0,0,0,0
TANGO2_ROV14_2_028.png,0,0,0,0,0,0,50.15701198,0,0,0,0,0,0,0,0,0,0,0,0,0,0,0,0,0,0,0,0,0,0,0,4.979240647,0,0,0,0,0,0,0,0,0,8,0,0,0,0,0,0,0,0,0,33.20079261,0,0,0,0,0,0,0,0,0,0,0,0,0,0,0,0,0,0,0,0,0,0,0,0,0,0,0,0,0,0
TANGO2_ROV14_2_036.png,0,0,0,0,0,0,100,0,0,0,0,0,0,0,14.70551195,0,0,0,0,0,0,0,0,0,0,0,0,0,0,0,4.306156787,0,0,0,0,0,0,0,0,0,0,0,0,0,2,0,0,0,0,0,6.35631333,0,0,0,0,0,0,0,0,0,0,0,0,0,0,0,0,0,0,0,0,0,1,0,0,2,0,0,0,0,0
TANGO2_ROV14_2_041.png,0,0,0,0,0,0,0,0.314216578,0,0,0,0,0,0,0,0,0,4,0,0,0,0,0,0,0,0,0,0,0,0,0,0,0,5,0,0,0,0,0,0,0,0,0,0,0,0,0,0,0,0,0,0,0,0,0,0,0,0,0,0,0,0,0,0,0,0,0,0,0,0,0,0,0,0,0,0,0,0,0,0,0
TANGO2_ROV14_2_046.png,0,0,0,0,0,0,0,100.2956628,0,0,0,0,0,0,0,0,0,0,0,0,0,0,0,0,0,0,0,0,0,0,0,0,0,0,0,0,0,0,0,0,13,0,0,0,1,0,0,0,0,0,0,0,0,0,0,0,0,0,0,0,0,0,0,0,0,0,0,0,0,0,0,0,1,0,0,0,0,0,0,0,0
TANGO2_ROV14_2_052.png,0,0,0,0,0,0,0,3.397973761,0,0,0,0,0,0,0,0,0,1,0,0,0,0,0,0,0,0,0,0,0,0,0,0,0,7,0,0,0,0,0,0,0,0,0,0,0,0,0,0,0,0,0,0,0,0,0,0,0,0,0,0,0,0,0,0,0,0,0,0,0,0,0,0,0,0,0,0,0,0,0,0,0
TANGO2_ROV14_2_061.png,0,0,0,0,0,0,0,66.31751914,0,0,0,0,0,0,0,0,0,1,0,0,0,0,0,0,0,0,0,0,0,0,0,0,0,0,0,0,0,0,0,0,2,0,0,0,1,0,0,0,0,0,0,0,0,0,0,0,0,0,0,0,0,0,0,0,0,0,0,0,0,0,0,0,12,0,0,0,0,0,0,0,0
TANGO2_ROV14_6_015.png,0,0,0,0,0,0,0,0,0,0,0,0,0,0,0,0,0,28,0,0,0,0,0,0,0,0,0,0,0,0,0,0,0,7,0,0,0,0,0,0,0,0,0,0,0,0,0,0,0,0,0,0,0,0,0,0,0,0,0,0,0,0,0,0,0,0,0,0,0,0,0,0,0,0,0,0,0,0,0,0,0
TANGO2_ROV14_6_024.png,0,0,0,0,0,0,0,0,0,0,0,0,0,0,0,0,0,3,0,0,0,0,0,0,0,0,0,1,0,0,0,0,0,3,0,0,0,0,0,0,0,0,0,0,0,0,0,0,0,0,0,0,0,0,0,0,0,0,0,0,0,0,0,0,0,0,0,0,0,0,0,0,0,0,0,0,0,0,0,0,0
TANGO2_ROV14_6_049.png,0,0,0,0,0,0,0,94.94158611,0,0,0,0,0,0,0,0,0,0,0,0,0,0,0,0,0,0,0,0,0,0,0,0,0,0,0,0,0,0,0,0,0,0,0,0,1,0,1,0,0,0,0,0,0,0,0,0,0,0,0,0,0,0,0,0,0,0,0,0,0,0,0,0,0,0,0,0,0,0,0,0,0
TANGO2_ROV14_6_054.png,0,0,0,0,0,0,6.792037451,0,0,0,0,0,0,0,0,0,0,14,0,0,0,0,0,0,0,0,0,0,0,0,0,0,0,6,0,0,0,0,0,0,0,0,0,0,0,0,0,0,0,0,0,0,0,0,0,0,0,0,0,0,0,0,0,0,0,0,0,0,0,0,0,0,2,0,0,0,0,0,0,0,0
TANGO2_ROV14_6_064.png,0,0,0,0,0,0,0,0,0,0,0,0,0,0,0,0,0,26,0,0,0,0,0,0,0,0,0,0,0,0,0,0,0,5,0,0,0,0,0,0,0,0,0,0,0,0,0,0,0,0,0,0,0,0,0,0,0,0,0,0,0,0,0,0,0,0,0,0,0,0,0,0,0,0,0,0,0,0,0,0,0
TANGO2_ROV14_6_071.png,0,0,0,0,0,0,0,0,0,0,0,0,0,0,0,0,0,18,0,0,0,0,0,0,0,0,0,0,0,0,0,0,0,0,0,0,0,0,0,0,0,0,0,0,0,0,0,0,0,0,0,0,0,0,0,0,0,0,0,0,0,0,0,0,0,0,0,0,0,0,0,0,0,0,0,0,0,0,0,0,0
TANGO2_ROV14_7_016.png,0,0,0,0,0,0,0,0,0,0,0,0,0,0,0,0,0,22,0,0,0,0,0,0,0,0,0,0,0,0,0,0,0,14,0,0,0,0,0,0,0,0,0,0,0,0,0,0,0,0,0,0,0,0,0,0,0,0,0,0,0,0,0,0,0,0,0,0,0,0,0,0,0,0,0,0,0,0,0,0,0
TANGO2_ROV14_7_019.png,0,0,0,0,0,0,0,0,0,0,0,0,0,0,0,0,0,4,0,0,0,0,0,0,0,0,0,0,0,0,0,0,0,15,0,0,0,0,0,0,0,0,0,0,0,0,0,0,0,0,1.452687422,0,0,0,0,0,0,0,0,0,0,0,0,0,0,0,0,0,0,0,0,0,0,0,0,0,0,0,0,0,0
TANGO2_ROV14_7_025.png,0,0,0,0,0,0,0,48.23652414,0,0,0,0,0,0,0,0,0,1,0,0,0,0,0,0,0,0,0,0,0,0,0,0,0,1,0,0,0,0,0,0,0,0,0,0,0,0,1,0,0,0,11.15482416,0,0,0,0,0,0,0,0,0,0,0,0,0,0,0,0,0,0,0,0,0,0,0,0,1,0,0,0,0,0
TANGO2_ROV14_7_028.png,0,0,0,0,0,0,0,9.114559626,0,0,0,0,0,0,0,0,0,2,0,0,0,0,0,0,0,0,0,0,0,0,0,0,0,15,0,0,0,0,0,0,0,0,0,0,0,0,0,0,0,0,0,0,0,0,0,0,0,0,0,0,0,0,0,0,0,0,0,0,0,0,0,0,0,0,0,0,0,0,0,0,0
TANGO2_ROV14_8_018.png,0,0,0,0,0,0,0,0,0,0,0,0,0,0,0,0,0,1,0,0,0,0,0,0,0,0,0,0,0,0,0,0,0,6,0,0,0,0,0,0,0,0.016851926,0,0,0,0,0,0,0,0,0,0,0,0,0,0,0,0,0,0,0,0,0,0,0,0,0,0,0,0,0,0,0,0,0,0,0,0,0,0,0
TANGO2_ROV14_8_026.png,0,0,0,0,0,0,0,0,0,0,0,0,0,0,0,0,0,2,0,0,0,0,0,0,0,0,0,0,0,0,0,0,0,11,0,0,0,0,0,0,0,0,0,0,0,0,0,0,0,0,0,0,0,0,0,0,0,0,0,0,0,0,0,0,0,0,0,0,0,0,0,0,0,0,0,0,0,0,0,0,0
TANGO2_ROV14_8_034.png,0,0,0,0,0,0,0,0,0,0,0,0,0,0,0,0,0,11,0,0,0,0,0,0,0,0,0,0,0,0,0,0,0,25,0,0,0,0,0,0,0,0,0,0,0,0,0,0,0,0,0,0,0,0,0,0,0,0,0,0,0,0,0,0,0,0,0,0,0,0,0,0,0,0,0,0,0,0,0,0,0
TANGO2_ROV14_8_038.png,0,0,0,0,0,0,0,13.26816012,0,0,0,0,0,0,0,0,0,1,0,0,0,0,0,0,0,0,0,0,0,0,0,0,0,7,0,0,0,0,0,0,1,0,0,0,0,0.774166701,0,0,0,0,30.67760609,0,0,0,0,0,0,0,0,0,0,0,0,0,0,0,0,0,0,0,0,0,0,0,0,0,0,0,0,0,0
TANGO2_ROV14_8_045.png,0,0,0,0,0,1,0,14.86767711,0,0,0,0,0,0,0,0,0,19,0,0,0,0,0,0,0,0,0,0,0,0,0,0,0,11,0,0,0,0,0,0,0,0,0,0,0,0.258966157,2,0,0,0,7.198757602,0,0,0,0,0,0,0,0,0,0,0,0,0,0,0,0,0,0,0,0,0,0,0,0,0,0,0,0,0,0
TANGO2_ROV14_8_051.png,0,0,0,0,0,0,17.54423742,23.16102358,0,0,0,0,0,0,0,0,0,0,0,0,0,0,0,0,0,0,0,0,0,0,0,0,0,6,0,0,0,0,0,0,2,0,0,0,0,0.469770354,2,0,0,0,11.08141485,0,0,0,0,0,0,1.427264549,0,0,0,0,0,0,0,0,0,0,0,0,0,0,1,0,0,0,0,0,0,0,0
TANGO2_ROV14_8_058.png,0,0,0,0,0,0,99.96543912,0,0,0,0,0,0,0,0,0,0,0,0,0,0,0,0,0,0,0,0,1,0,0,0,0,0,0,0,0,0,0,0,0,5,0,0,0,0,0,0,0,0,0,0.526173197,0,0,0,0,0,0,0,0,0,0,0,1,0,0,0,0,2,0,0,0,0,0,0,0,0,1,0,0,0,0
TANGO2_ROV14_8_061.png,0,0,0,0,0,0,46.63213071,6.136061134,0,0,0,0,0,0,0,0,0,0,0,0,0,0,0,0,0,0,0,0,0,0,0,0,0,10,0,0,0,0,0,0,0,0,0,0,1,0,3,0,0,0,0.854432265,0,0,0,0,0,0,0,0,0,0,0,0,0,0,0,0,0,0,0,0,0,0,0,0,0,0,0,0,0,0
TANGO2_ROV14_8_071.png,0,0,0,0,0,0,23.87621978,0,0,0,0,0,0,0,59.88610855,0,0,0,0,0,0,0,0,0,0,3,0,0,0,0,0,0,0,0,0,0,0,0,0,0,9,0,0,0,0,0,0,0,0,0,0,0,0,0,0,0,0,17.13647628,0,0,0,0,0,0,0,0,1,0,0,0,0,0,0,0,0,1,0,0,0,0,0
TANGO2_ROV14_9_014.png,0,0,0,0,0,0,0,0.317842452,0,0,0,0,0,0,0,0,0,1,0,0,0,0,0,0,0,0,0,1,0,0,0,0,0,10,0,0,0,0,0,0,0,0,0,0,0,0,0,0,0,0,0.278338858,0,0,0,0,0,0,0,0,0,0,0,0,0,0,0,0,0,0,0,0,0,0,0,0,0,0,0,0,0,0
TANGO2_ROV15_1_031.png,0,0,0,0,0,0,0,0,0,0,0,0,0,0,0,0,0,8,0,0,0,0,0,0,2.138449467,0,0,0,0,0,0,0,0,26,0,0,0,0,0,0,0,0,0,0,0,0.050924528,0,0,0,0,0,0,0,0,0,0,0,0,0,0,0,0,0,0,0,0,1,0,0,0,0,0,0,0,0,0,0,0,0,0,0
TANGO2_ROV15_1_034.png,0,0,0,0,0,0,0,0,0,0,0,0,0,0,0,0,0,18,0,0,0,0,0,0,0,0,0,0,0,0,0,0,0,26,0,0,0,0,0,0,0,0,0,0,0,0,0,0,0,0,0,0,0,0,0,0,0,0,0,0,0,0,0,0,0,0,0,0,0,0,0,0,0,0,0,0,0,0,0,0,0
TANGO2_ROV15_1_041.png,0,0,0,0,0,0,0,0,0,0,0,0,0,0,0,0,0,9,0,0,0,0,0,0,0.134637774,0,0,0,0,0,0,0,0,6,0,0,0,0,0,0,1,0,0,0,0,0.120992431,0,0,0,0,0,0,0,0,0,0,0,0,0,0,0,0,0,0,0,0,0,0,0,0,0,0,0,0,0,0,0,0,0,0,0
TANGO2_ROV15_1_043.png,0,0,0,0,0,0,0,24.89006873,0,0,0,0,0,0,0,0,0,11,0,0,0,0,0,0,0,0,0,0,0,0,0,0,0,5,0,0,0,0,0,0,0,0,0,0,0,0,0,0,0,0,0,0,0,0,0,0,0,0,0,0,0,0,0,0,0,0,0,0,0,0,0,0,0,0,0,0,0,0,0,0,0
TANGO2_ROV15_1_049.png,0,0,0,0,0,0,0,0,0,0,0,0,0,0,0,0,0,0,0,0,0,0,0,0,0.175079834,0,0,0,0,0,0,0,0,0,0,0,0,0,0,0,0,0,0,0,0,0,0,0,0,0,0,0,0,0,0,0,0,0,0,0,0,0,0,0,0,4,0,0,0,0,0,1,0,0,0,0,0,0,0,0,0
TANGO2_ROV15_2_056.png,0,0,0,0,0,0,0,0,0,0,0,0,0,0,0,0,0,0,0,0,0,0,0,0,0,0,0,0,0,0,0,0,0,0,0,0,0,0,0,0,0,0,0,0,0,0,0,0,0,0,1.46041327,0,0,0,0,0,0,0,0,0,0,0,0,0,0,0,0,0,0,0,0,0,0,0,0,0,0,0,0,0,0
TANGO2_ROV15_2_063.png,0,0,0,0,0,0,0,0,0,0,0,0,0,0,0,0,0,1,0,0,0,0,0,0,0,0,0,0,0,0,0,0,0,0,0,0,0,0,0,0,0,0,0,0,0,0,0,0,0,0,0,0,0,0,0,0,0,0,0,0,0,0,0,0,0,0,0,0,0,0,0,0,0,0,0,1,0,0,0,0,0
TANGO2_ROV15_3_011.png,0,0,0,0,0,0,0,0,0,0,0,0,0,0,0,0,0,0,0,0,0,0,0,0,0,0,0,0,0,0,0,0,0,0,0,0,0,0,0,0,1,0,0,0,0,0,0,0,0,0,5.773609994,0,0,0,0,0,0,0,0,0,0,0,0,0,0,0,0,0,0,0,0,0,0,0,0,0,0,0,0,0,0
TANGO2_ROV15_3_012.png,0,0,0,0,0,0,0,1.045709525,0,0,0,0,0,0,0,0,0,0,0,0,0,0,0,0,0,0,0,0,0,0,0,0,0,1,0,0,0,0,0,0,0,0,0,0,0,0,0,0,0,0,0,0,0,0,0,0,0,0,0,0,0,0,0,0,0,0,0,0,0,0,0,0,4,0,0,0,0,0,0,0,0
TANGO2_ROV15_3_038.png,0,0,0,0,0,0,0,0,0,0,0,0,0,0,0,0,0,1,0,0,0,0,0,0,0,0,0,0,0,0,0,0,0,0,0,0,0,0,0,0,2,0,0,0,0,0,0,0,0,0,0.332162563,0,0,0,0,0,0,0,0,0,0,0,0,0,0,0,0,0,0,0,0,0,0,0,0,0,0,0,0,0,0
TANGO2_ROV15_3_039.png,0,0,0,0,0,0,0,0,0,0,0,0,0,0,0,0,0,0,0,0,0,0,0,0,0,0,0,0,0,0,0,0,0,0,0,0,0,0,0,0,0,0,0,0,0,0,0,0,0,0,0.092067941,0,0,0,0,0,0,0,0,0,0,0,0,0,0,0,14,0,0,0,0,0,2,0,0,0,0,0,0,0,0
TANGO2_ROV15_3_040.png,0,0,0,0,0,0,0,0,0,0,0,0,0,0,0,0,0,1,0,0,0,0,0,0,0,0,0,0,0,0,0,0,0,0,0,0,0,0,0,0,5,0,0,0,0,0,0,0,0,0,0,0,0,0,0,0,0,0,0,0,0,0,0,0,0,0,0,0,0,0,0,0,0,0,0,0,0,0,0,0,0
TANGO2_ROV15_3_054.png,0,0,0,0,0,0,0,0,0,0,0,0,0,0,0,0,0,12,0,0,0,0,0,0,0,0,0,0,0,0,0,0,0,1,0,0,0,0,0,0,0,0,0,0,0,0,0,0,0,0,0,0,0,0,0,0,0,0,0,0,0,0,0,0,0,0,0,0,0,0,0,0,0,0,0,0,0,0,0,0,0
TANGO2_ROV15_4_067.png,0,0,0,0,0,0,0,0,0,0,0,0,0,0,0,0,0,2,0,0,0,0,0,0,2.62069089,0,0,0,0,0.857122858,0,0,0,7,0,0,0,0,0,0,1,0,0,0,0,0,0,0,0,0,5.497870557,0,0,0,0,0,0,1.187107627,0,0,0,1,0,0,0,0,0,0,0,0,0,0,0,0,0,0,0,0,0,0,0
TANGO2_ROV15_4_072.png,0,0,0,0,0,0,8.77701983,0,0,0,0,0,0,0,0,0,0,0,0,0,0,0,0,0,1.827093205,0,0,0,0,1.528718712,0,0,0,0,0,0,0,0,2,0,4,0,0,0,0,27.6376208,0,0,0,0,2.531118273,0,0,0,0,0,0,5.312268558,0,0,0,3,0,0,0,0,0,0,0,0,0,0,0,0,0,0,0,0,0,0,0
TANGO2_ROV15_5_004.png,0,0,0,0,0,0,0,0,0,0,0,0,0,0,0,0,0,2,0,0,0,0,0,0,1.04579779,0,0,0,0,0,0,0,0,16,0,0,0,0,0,0,0,0,0,0,0,0,0,0,0,0,8.000979254,0,0,0,0,0,0,0,0,0,0,8,0,0,0,0,0,0,0,0,0,0,0,0,0,0,0,0,0,0,0
TANGO2_ROV15_5_006.png,0,0,0,0,0,0,0,0,0,0,0,0,0,0,0,0,0,0,0,0,0,0,0,0,0,0,0,0,0,0,0,0,0,0,0,0,0,0,0,0,0,0,0,0,0,0,0,0,0,0,84.62108703,0,0,0,0,0,0,12.08343936,0,0,0,0,0,0,0,0,1,0,0,0,0,0,0,0,0,0,0,0,1,0,0
TANGO2_ROV15_5_012.png,0,0,0,0,0,0,0,7.297523713,0,0,0,0,0,0,0,0,0,0,0,0,0,0,0,0,1.252445694,0,0,0,0,0,0,0,0,0,0,0,0,0,0,0,0,0,0,0,0,0,0,0,0,0,93.12157326,0,0,0,0,0,0,0,0,0,0,3,0,0,0,0,0,0,0,0,0,0,0,0,0,0,0,0,0,0,0
TANGO2_ROV15_5_015.png,0,0,0,0,0,0,0,0,0,0,0,0,0,0,0,0,0,0,0,0,0,0,0,0,15.04556834,0,0,0,0,0.295139401,0,0,0,0,0,0,0,0,0,0,0,0,0,0,0,0,0,0,0,0,51.16464332,0,0,0,0,0,0,0,0,0,0,9,0,0,0,0,0,0,0,0,0,0,0,0,0,0,0,0,0,0,0
TANGO2_ROV15_5_021.png,0,0,0,0,0,0,0,2.091801224,0,0,0,0,0,0,0,0,0,0,0,0,0,0,0,0,10.55024397,0,0,0,0,0,0,0,0,0,0,0,0,0,1,0,0,0,0,0,0,0,0,0,0,0,68.38197296,0,0,0,0,0,0,0,0,0,0,0,0,0,0,0,0,0,0,0,0,0,0,0,0,0,0,0,0,0,0
TANGO2_ROV15_5_027.png,0,0,0,0,0,0,0,0,0,0,0,0,0,0,0,0,0,0,0,0,0,11.13287399,0,0,71.83885278,0,0,0,0,0,0,0,0,0,0,0,0,0,0,0,0,0,0,0,0,0,0,0,0,0,77.8907123,0,0,0,0,0,0,0,0,0,0,0,0,0,0,0,0,0,0,0,0,0,0,0,0,0,0,0,0,0,0
TANGO2_ROV16_1_039.png,0,0,0,0,0,0,0,91.85193876,0,0,0,0,0,0,0,0,0,0,0,0,0,0,0,0,0,0,0,0,0,0,0,0,0,0,0,0,0,0,0,0,0,0,0,0,0,0,0,0,0,0,4.444566075,0,0,0,0,0,0,0,0,0,0,0,0,0,0,0,0,0,0,0,0,0,0,0,0,1,0,0,0,0,0
TANGO2_ROV16_1_053.png,0,0,0,0,0,0,0,34.65807013,0,0,0,0,0,0,0,0,0,0,0,0,0,0,0,0,0,0,0,0,0,0,0,0,0,0,0,0,0,0,0,0,1,0,0,0,0,0,0,0,0,0,29.23928874,0,0,0,0,0,0,0,0,0,0,0,0,0,0,0,0,0,0,0,0,0,0,0,0,0,0,0,0,0,0
TANGO2_ROV16_1_071.png,0,0,0,0,0,0,1.452954203,5.740475911,0,0,0,0,0,0,0,0,0,0,0,0,0,0,0,0,0,0,0,0,0,0.104951435,0,0,0,0,0,0,0,0,0,0,0,0,0,0,0,0,0,0,0,0,25.8296119,0,0,0,0,0,0,0,0,0,0,0,0,0,0,0,0,0,0,0,0,0,1,0,0,0,0,0,0,0,0
TANGO2_ROV16_2_008.png,0,0,0,0,0,0,18.63612409,3.514087077,0,0,0,0,0,0,0,0,0,0,0,0,0,0,0,0,0,0,0,1,0,0,0,0,0,0,0,0,0,0,0,0,0,0,0,0,0,0,0,0,0,0,99.62205865,0,0,0,0,0,0,0,0,0,0,0,0,0,0,0,0,0,0,0,0,0,7,0,0,0,0,0,0,0,0
TANGO2_ROV16_2_017.png,0,0,0,0,0,0,8.358840737,1.837155981,0,0,0,0,0,0,0,0,0,0,0,0,0,0,0,0,0,0,0,0,0,0,0,0,0,10,0,0,0,0,0,0,0,0,0,0,0,0.277464928,0,0,0,0,52.95113877,0,0,0,0,0,0,0,0,0,0,0,0,4,0,0,0,0,0,0,0,0,15,0,0,0,0,0,0,0,0
TANGO2_ROV16_2_026.png,0,0,0,0,0,0,0,6.708364449,0,0,0,0,0,0,0,0,0,0,0,0,0,0,0,0,0,0,0,0,0.378840619,0,0,0,0,25,0,0,0,0,1,0,1,0,0,0,0,1.113892581,0,0,0,0,13.75166532,0,0,0,0,0,0,0,0,0,0,0,0,2,0,0,0,0,0,0,0,0,0,0,0,0,0,0.108175231,0,0,0
TANGO2_ROV16_2_036.png,0,0,0,0,0,0,0,92.37365849,0,0,0,0,0,0,0,0,0,0,0,0,0,0,0,0,0,0,0,0,0,0,0,0,0,37,0,0,0,0,6,0,0,0,0,0,0,4.433413784,1,0,0,0,134.2976785,0,0,0,0,0,0,0,0,0,0,0,0,12,0,0,0,0,0,0,0,0,1,0,0,0,0,0,0,0,0
TANGO2_ROV16_2_046.png,0,0,0,0,0,0,6.646553388,0,0,0,0,0,0,0,0,0,0,0,0,0,0,0,0,0,0,0,0,0,0.276710625,0,0,0,0,13,0,0,0,0,2,0,0,0,0,0,0,2.072670929,1,0,0,0,26.851524,0,0,0,0,0,0,0,0,0,0,0,0,13,0,0,0,0,0,0,0,0,0,0,0,0,0,0.687892142,0,0,0
TANGO2_ROV16_2_056.png,0,0,0,0,0,0,0,6.759058612,0,0,0,0,0,0,0,0,0,0,0,0,0,0,0,0,0,0,0,0,0,0,0,0,0,35,0,0,0,0,4,0,0,0,0,0,0,1.914075553,0,0,0,0,7.833236216,0,0,0,0,0,0,0,0,0,0,0,0,8,0,0,0,0,0,0,0,0,0,0,0,0,0,0,0,0,0
TANGO2_ROV16_3_020.png,0,0,0,0,0,0,0.83075228,1.439790934,0,0,0,0,0,0,0,0,0,0,0,0,0,0,0,0,0,0,0,0,0,0,0,0,0,0,0,0,0,0,0,0,0,0,0,0,0,1.33138854,0,0,0,0,45.26274351,0,0,0,0,0,0,0,0,0,0,0,0,0,0,0,0,0,0,0,2.113682705,0,2,0,0,0,0,0,0,0,0
TANGO2_ROV16_3_030.png,0,0,0,0,0,0,0,74.09122358,0,0,0,0,0,0,0,0,0,0,0,0,0,0,0,0,0,0,0,0,0,0,0,0,0,0,0,0,0,0,0,0,0,0,0,0,0,0,0,0,0,0,5.089047989,0,0,0,0,0,0,0,0,0,0,0,0,0,0,0,0,0,0,0,0,0,0,0,0,0,0,0,0,0,0
TANGO2_ROV16_3_037.png,0,0,0,0,0,0,0,70.68782342,0,0,0,0,0,0,0,0,0,0,0,0,0,0,0,0,0,0,0,0,0,0,0,0,0,0,0,0,0,0,0,0,0,0,0,0,0,0,0,0,0,0,3.12396809,0,0,0,0,0,0,29.08433553,0,0,0,0,0,1,0,0,0,0,0,0,0,0,1,0,0,0,0,0,0,0,0
TANGO2_ROV16_3_047.png,0,0,0,0,0,0,0.980573585,0.512243806,0,0,0,0,0,0,0,0,0,0,0,0,0,0,0,0,0,0,0,0,0.082291533,0,0,0,0,20,0,0,0,0,0,0,0,0,0,0,0,0.847120769,0,0,0,0,19.58510046,0,0,0,0,0,0,0,0,0,0,0,0,0,0,0,0,0,0,0,0,0,11,0,0,0,0,0,0,0,0
TANGO2_ROV16_3_055.png,0,0,0,0,0,0,1.160851597,61.82465306,0,0,0,0,0,0,0,0,0,0,0,0,0,0,0,0,0,0,0,0,0,0,0,0,0,0,0,0,0,0,2,0,0,0,0,0,0,31.64022278,0,0,0,0,2.916775803,0,0,0,0,0,0,0,0.836860013,0,0,0,0,0,0,0,0,0,0,0,0,0,11,0,0,0,0,0,0,0,0
TANGO2_ROV16_4_015.png,0,0,0,0,0,0,0,0,0,0,0,0,0,0,0,0,0,0,0,0,0,0,0,0,0,0,0,0,0,0,0,0,0,0,0,0,0,0,14,0,0,0,0,0,0,5.833643473,0,0,0,0,4.077011355,0,0,0,0,0,0,0,0,0,0,0,0,8,0,0,0,0,0,0,0,0,0,0,0,0,0,0,0,0,0
TANGO2_ROV16_5_055.png,0,0,0,0,0,0,2.132374207,0.290202447,0,0,0,0,0,0,0,0,0,0,0,0,0,0,0,0,0,0,0,0,0,0,0,0,0,113,0,0,0,0,0,0,1,0,0,0,0,0.526696888,0,0,0,0,2.112917354,0,0,0,0,0,0,0,0,0,0,0,0,0,0,0,0,0,0,0,0,0,0,0,0,0,0,0,0,0,0
TANGO2_ROV16_5_066.png,0,0,0,0,0,0,0.080967931,8.013806848,0,0,0,0,0,0,0,0,0,0,0,0,0,0,0,0,0,0,0,0,0,0,0,0,0,16,0,0,0,0,0,0,0,0,0,0,1,0.691916233,0,0,0,0,14.15123082,0,0,0,0,0,0,0,0,0,0,0,0,11,0,0,0,0,0,0,0,0,3,0,0,0,0,0,0,0,0
TANGO2_ROV16_6_004.png,0,0,0,0,0,0,0.077365977,2.462763973,0,0,0,0,0,0,0,0,0,0,0,0,0,0,0,0,0,0,0,1,0,0,0,0,0,18,0,0,0,0,0,0,4,0.160772501,0,0,0,2.265434742,0,0,0,0,16.2518532,0,0,0,0,0,0,0,0,0,0,0,0,9,0,0,0,0,0,0,0,0,8,0,0,0,0,1.177973986,0,0,0
TANGO2_ROV16_6_015.png,0,0,0,0,0,0,0,0,0,0,0,0,0,0,0,0,0,0,0,0,0,0,0,0,0,0,0,0,0,0,7.850273419,0,0,0,0,0,0,0,1,0,1,0,0,0,0,0.5750485,0,0,0,0,68.4215436,0,0,0,0,0,0,0,0,0,0,0,0,7,0,0,0,0,0,0,0,0,20,0,0,0,0,0,0,0,0
TANGO2_ROV16_6_029.png,0,0,0,0,0,0,0,0,0,0,0,0,0,0,0,0,0,0,0,0,0,0,0,0,0,0,0,0,14.59712897,0,0,0,0,0,0,0,0,0,13,0,0,0,0,0,0,2.707512117,0,0,0,0,8.158525529,0,0,0,0,0,0,0,0,0,0,0,0,8,0,0,0,0,0,0,0,0,0,0,0,0,0,0,0,0,0
TANGO2_ROV16_6_040.png,0,0,0,0,0,0,0,0,0,0,0,0,0,0,0,0,0,0,0,0,0,0,0,0,0,0,0,0,0,0,0,0,0,38,0,0,0,0,1,0,1,0,0,0,0,0.598170616,0,0,0,0,10.34891496,0,0,0,0,0,0,0,0,0,0,0,0,5,0,0,0,0,0,0,0,0,4,0,0,0,0,0,0,0,0
TANGO2_ROV16_6_049.png,0,0,0,0,0,0,0,0,0,0,0,0,0,0,0,0,0,0,0,0,0,0,0,0,0,0,0,0,0,0,0,0,0,6,0,0,0,0,1,0,0,0,0,0,0,1.544229085,0,0,0,0,103.2635602,0,0,1,0,0,17.04527462,0,0,0,0,0,0,7,0,0,0,0,0,0,0,0,2,0,0,0,0,0,0,0,0
TANGO2_ROV16_6_055.png,0,0,0,0,0,0,0,0,0,0,0,0,0,0,0,0,0,0,0,0,0,0,0,0,0,0,0,0,0,0,0,0,0,7,0,0,0,0,2,0,0,0.431276031,0,0,0,0.771780181,0,0,0,0,53.04760897,0,0,0,0,0,0,0,0,0,0,0,0,11,0,0,0,0,0,0,0,0,1,0,0,0,0,0,0,0,0
TANGO2_ROV17_1_045.png,0,0,0,0,0,0,0,2.337381678,6,0,0,0,0,0,0,0,0,0,0,0,0,0,0,0,0,0,0,0,0,0,0,0,0,0,0,0,0,0,0,0,0,0,0,0,0,1.29871536,0,0,0,0,0,0,0,0,0,0,0,0,0,0,0,0,0,1,0,0,0,0,0,0,0,0,0,0,0,0,0,0,0,0,0
TANGO2_ROV17_1_050.png,0,0,0,0,0,0,0,3.55106091,3,0,0,0,0,0,0,0,0,0,0,0,0,0,0,0,0,0,0,0,0,0,0,0,0,0,0,0,0,0,0,0,0,0,0,0,0,0.126944365,0,0,0,0,14.47589967,0,0,0,0,0,0,13.19455296,0,0,0,0,0,0,0,0,0,0,0,0,0,0,6,0,0,0,0,0,0,0,0
TANGO2_ROV17_1_060.png,0,0,0,0,0,0,0,1.994780018,10,0,0,0,0,0,0,0,0,0,0,0,0,0,0,0,0,0,1,0,0,0,0,0,0,11,0,0,0,0,0,0,0,0,0,0,0,0.362101843,0,0,0,0,0,0,0,0,0,0,0,0,0,0,0,0,0,0,0,0,0,0,0,0,0,0,1,0,0,0,0,0,0,0,0
TANGO2_ROV17_1_065.png,0,1,0,0,0,0,0,7.152305318,2,0,0,0,0,0,0,0,0,0,0,0,0,0,0,0,0,0,0,0,0,0,0,0,0,2,0,0,0,0,0,0,2,0,0,0,0,1.228840494,0,0,0,0,0,0,0,0,0,0,0,0,0.015629373,0,0,0,0,0,0,0,0,0,1,0,0,0,2,0,0,0,0,0,0,0,0
TANGO2_ROV17_1_069.png,0,0,4,0,0,0,0,7.967220934,4,0,0,0,0,0,0,0,0,0,0,0,0,0,0,0,0,0,0,0,0,0,0,0,0,0,1,0,0,0,0,0,5,0,0,0,0,39.55680928,0,0,0,0,0,0,0,0,0,0,0,0.514440157,0,0,0,0,0,21,0,0,0,0,0,0,0,0,21,0,0,0,0,0,0,0,0
TANGO2_ROV17_2_021.png,0,0,0,0,0,0,0,26.81800021,1,0,0,0,0,0,0,0,0,0,0,0,0,0,0,0,0,0,0,0,0,0,0,0,0,0,0,0,0,0,0,0,0,0,0,0,0,0,0,0,0,0,0,0,0,0,0,0,0,0,0,0,0,0,0,0,0,0,0,0,0,0,0,0,1,0,0,0,0,0,0,0,0
TANGO2_ROV17_2_033.png,0,0,0,0,0,0,0,62.34958778,1,0,0,0,0,0,0,0,0,0,0,0,0,0,0,0,0,0,0,0,0,0,0,0,0,0,0,0,0,0,0,0,1,0,0,0,0,0.091221928,0,0,0,0,0,0,0,0,0,0,0,0,0,0,0,0,1,0,0,0,1,0,0,0,0,0,12,0,0,0,0,0,0,0,0
TANGO2_ROV17_2_043.png,0,0,0,0,0,0,0,25.00149096,0,0,0,0,0,0,0,0,0,1,0,0,0,0,0,0,0,0,0,0,0,0,0,0,0,0,0,0,0,0,0,0,3,0,0,0,0,11.09117405,0,0,0,0,0,0,0,0,0,0,0,2.619165848,0,0,0,1,1,0,0,0,1,0,0,0,0,0,4,0,0,0,0,0,0,0,0
TANGO2_ROV17_2_056.png,0,0,0,0,0,0,0,21.51822026,0,0,0,0,0,0,0,0,0,0,0,0,0,0,0,0,0,0,0,0,0,0,0,0,0,0,0,0,0,0,0,0,2,0,0,0,0,0.967811053,1,0,0,0,27.29432318,0,0,0,0,0,0,7.242795279,0,0,0,2,0,0,0,0,0,0,0,0,0,0,9,0,0,0,0,0,0,0,0
TANGO2_ROV17_2_064.png,0,1,0,0,0,0,0,66.27353996,0,0,0,0,0,0,0,0,0,0,0,0,0,0,0,0,0,0,0,0,0,0,0,0,0,0,0,0,0,0,0,0,0,0,0,0,0,0.323675545,1,0,0,0,0.509810958,0,0,0,1,0,0,11.09822818,0,0,0,6,1,0,0,0,1,0,0,0,0,0,4,0,0,0,0,0,0,0,0
TANGO2_ROV18_1_055.png,0,0,0,0,0,0,18.47780649,69.69329022,0,0,0,0,0,0,0,0,0,0,0,0,0,0,0,0,0,0,0,0,0,0,0,0,0,0,0,0,0,0,0,0,0,0,0,0,0,0,0,0,0,0,3.60267499,0,0,0,0,0,0,0,0,0,0,0,0,0,0,0,0,0,0,0,0,0,0,0,0,0,0,0,0,0,0
TANGO2_ROV18_1_068.png,0,0,0,0,0,0,0,28.97099403,0,0,0,0,0,0,0,0,0,0,0,0,0,0,0,0,0,0,0,0,0,0,0,0,0,0,0,0,0,0,0,0,1,0,0,0,0,0,0,0,0,0,70.76372754,0,0,0,0,0,0,0,0,0,0,0,0,0,0,0,0,0,0,0,0,0,0,0,0,0,0,0,0,0,0
TANGO2_ROV18_2_029.png,0,0,0,0,0,0,0,3.738021317,0,0,0,0,0,0,0,0,0,0,0,0,0,0,0,0,0,0,0,0,0,0,0,0,0,0,0,0,0,0,1,0,0,0,0,0,0,2.01243255,0,0,0,0,37.77185565,0,0,0,0,0,0,0,0,0,0,0,0,0,0,0,0,0,0,0,0,0,5,0,0,0,0,0,0,0,0
TANGO2_ROV18_2_043.png,0,0,0,0,0,0,0.734651323,0,0,0,0,0,0,0,0,0,0,0,0,0,0,0,0,0,0,0,0,0,0,0,0,0,0,0,0,0,0,0,0,0,0,0,0,0,0,0,0,0,0,0,70.52931059,0,0,0,0,0,0,18.33485891,0,0,0,0,0,0,0,0,0,0,0,0,0,0,0,0,0,0,0,0,0,0,0
TANGO2_ROV18_2_048.png,0,0,0,0,0,0,17.45217588,10.56614466,0,0,0,0,0,0,0,0,0,0,0,0,0,0,0,0,0,0,0,0,0,0,0,0,0,20,0,0,0,0,0,0,0,0,0,0,0,0.411141375,0,0,0,0,5.515994371,0,0,0,0,0,0,0,0,0,0,0,0,0,0,0,0,0,0,0,0,0,0,0,0,0,0,0,0,0,0
TANGO2_ROV18_2_054.png,0,0,0,0,0,0,1.841060667,1.448795531,0,0,0,0,0,0,0,0,0,0,0,0,0,0,0,0,0,0,0,0,0.045881192,0,7.032762453,0,0,13,0,0,0,0,0,0,0,0,0,0,0,0.446308824,0,0,0,0,45.19611829,0,0,0,0,0,0,0,0,0,0,0,0,0,0,0,0,0,0,0,0,0,6,0,0,0,0,0,0,0,0
TANGO2_ROV19_1_036.png,0,0,0,0,0,0,0.333521029,1.494977605,7,0,0,0,0,0,0,0,0,0,0,0,0,0,0,0,0,0,0,0,0,0,0,0,0,0,0,0,0,0,0,0,0,0,0,0,1,0,0,0,0,0,1.237372428,0,0,0,0,0,0,0,0,0,0,0,0,0,0,0,0,0,0,0,0,0,7,0,0,0,0,0,0,0,0
TANGO2_ROV19_1_045.png,0,0,0,0,0,0,0.154802694,1.42585603,0,0,0,0,0,0,0,0,0,0,0,0,0,0,0,0,0,0,0,0,0,0,0,0,0,0,0,0,0,0,0,0,1,0,0,0,0,0,0,0,0,0,0,0,0,0,0,0,0,0,0,0,0,0,0,0,0,0,0,0,0,0,0,0,1,0,0,0,0,0,0,0,0
TANGO2_ROV19_1_054.png,0,0,0,0,0,0,0,2.666031551,8,0,0,0,0,0,0,0,0,0,0,0,0,0,0,0,0,0,0,0,0,0,0,0,0,4,0,0,0,0,0,0,0,0,0,0,0,3.077095098,0,0,0,0,0,0,0,0,0,0,0,0,0,0,0,0,0,0,0,0,0,0,0,0,0,0,0,0,0,1,0,0,0,0,0
TANGO2_ROV19_1_064.png,0,0,0,0,0,0,0.099286854,5.529191238,4,0,0,0,0,0,0,0,0,0,0,0,0,0,0,0,0,0,0,0,0,0,0,0,0,4,0,0,0,0,0,0,0,0,0,0,0,0,0,0,0,0,0,0,0,0,0,0,0,0,0,0,0,0,0,0,0,0,0,0,0,0,0,0,0,0,0,0,0,0,0,0,0
TANGO2_ROV19_2_001.png,0,0,1,0,0,0,0,27.67159472,3,0,0,0,0,0,0,0,0,0,0,0,0,0,0,0,0,0,0,0,0,0,0,0,0,10,0,0,0,0,0,0,0,0,0,0,0,0,0,0,0,0,0,0,0,0,0,0,0,0,0,0,0,0,0,0,0,0,0,0,0,0,0,0,0,0,0,0,0,0,0,0,0
TANGO2_ROV19_2_012.png,0,0,0,0,0,0,2.205152839,2.151537404,0,0,0,0,0,0,0,0,0,0,0,0,0,0,0,0,0,0,0,0,0,0,7.712009797,0,0,3,0,0,0,0,0,0,1,0,0,0,0,7.133255824,0,0,0,0,2.389374704,0,0,0,0,0,0,11.10698273,0,0,0,0,0,0,0,0,0,0,0,0,0,0,7,0,0,0,0,0,0,0,0
TANGO2_ROV19_2_022.png,0,1,1,0,1,0,0,29.591498,0,0,0,0,0,0,0,0,0,0,0,0,0,0,0,0,0,0,0,0,0,0,2.447532377,0,0,3,0,0,0,0,0,0,0,0,0,0,0,3.615207242,5,0,0,0,0,0,0,0,0,0,16.1877241,3.6677291,0,0,0,0,0,0,0,0,0,0,0,0,0,0,8,0,0,0,0,0,0,0,0
TANGO2_ROV19_2_035.png,0,0,0,0,0,0,0,0,0,0,0,0,0,0,0,0,0,0,0,0,0,0,0,0,0,0,0,0,0,0,0,0,0,0,0,0,0,0,1,0,0,0,0,0,0,22.80278292,1,0,0,0,33.61048504,0,0,0,0,0,0,0,0,0,0,0,0,0,0,0,1,0,0,0,0,0,0,0,0,0,0,0,0,0,0
TANGO2_ROV19_2_046.png,0,1,0,0,0,0,0,70.94712841,0,0,0,0,0,0,0,0,0,0,0,0,0,0,0,0,0,0,0,0,0,0,8.410458989,0,0,4,0,0,0,0,0,0,0,0,0,0,0,0,1,0,0,0,0,0,0,0,0,0,0,0,0,0,0,0,0,0,0,0,0,0,0,0,0,0,9,0,0,0,0,0,0,0,0
TANGO2_ROV19_3_027.png,0,1,0,0,0,0,0,6.61906455,10,0,0,0,0,0,0,0,0,0,0,0,0,0,0,0,0,0,0,0,0,0,0,0,0,0,0,0,0,0,0,0,0,0,0,0,0,0,0,0,0,0,0,0,0,0,0,0,0,0,0,0,0,0,0,0,0,0,0,0,0,0,0,0,2,0,0,0,0,0,0,0,0
TANGO2_ROV19_3_038.png,0,0,0,0,0,0,0.03096745,26.81506261,4,0,0,0,0,0,0,0,0,0,0,0,0,0,0,0,0,0,0,0,0,0,0,0,0,5,0,0,0,0,0,0,1,0,0,0,0,1.150353551,0,0,0,0,3.651113305,0,0,0,0,0,0,0,0,0,0,0,0,0,0,0,0,0,0,0,0,0,6,0,0,0,0,0,0,0,0
TANGO2_ROV19_3_043.png,0,0,0,0,0,0,1.217643693,55.70682229,0,0,0,0,0,0,0,0,0,0,0,0,0,0,0,0,0,0,0,0,0,0,0,0,0,0,0,0,0,0,3,0,29,0,0,0,0,19.88297864,0,0,0,0,0,0,0,0,0,0,1.849979241,0,0,0,0,0,0,0,0,0,0,0,1,0,0.14997587,0,25,0,0,0,0,0,0,0,0
TANGO2_ROV19_3_062.png,0,0,0,0,0,0,0,12.25689641,1,0,0,0,0,0,0,0,0,0,0,0,0,0,0,0,0,0,0,0,0,0,0,0,0,4,0,0,0,0,0,0,0,0,0,0,0,0,0,0,0,0,0,0,0,0,0,0,0,39.85772109,0,0,0,0,0,1,0,0,0,0,0,0,0,0,7,0,0,0,0,0,0,0,0
TANGO2_ROV19_4_002.png,0,0,0,0,0,0,0,17.98377659,0,0,0,0,0,0,0,0,0,0,0,0,0,0,0,0,0,0,0,0,0,0,0,0,0,0,0,0,0,0,0,0,0,0,0,0,0,0,0,0,0,0,0,0,0,0,0,0,0,0,0,0,0,1,0,0,0,0,0,0,0,0,0,0,7,0,0,0,0,0,0,0,0
TANGO2_ROV19_4_023.png,0,0,1,0,0,0,0,8.778483736,0,0,0,0,0,0,0,0,0,0,0,0,0,0,0,0,0,0,0,0,0,0,0,0,0,3,0,0,0,0,0,0,0,0,0,0,0,0,0,0,0,0,0,0,0,0,0,0,0,1.239988919,0,0,0,0,0,0,0,0,0,0,0,0,0,0,2,0,0,0,0,0,0,0,0
TANGO2_ROV19_4_033.png,0,0,0,0,0,0,0,34.97634108,0,0,0,0,0,0,0,0,0,0,0,0,0,0,0,0,0,0,0,0,0,0,0,0,0,0,0,0,0,0,0,0,1,0,0,0,0,9.946700547,1,0,0,0,2.429237428,0,0,0,0,0,0,0.133097392,0,0,0,0,0,0,0,0,0,1,0,0,0,0,0,0,0,0,0,0,0,0,0
TANGO2_ROV20_2_072.png,0,4,0,0,0,0,0,5.809308419,0,0,0,0,0,0,0,0.610537962,0,0,0,0,0,0,0,0,0,0,0,0,0,0,35.40545151,0,0,2,0,0,0,0,1,0,0,0,0,0,0,0,0,0,0,0,29.96391141,0,0,0,0,0,0,2.945096042,0,0,0,7,1,0,0,0,0,1,0,0,0,0,15,0,0,0,0,0,0,0,0
TANGO2_ROV20_3_005.png,0,1,0,0,0,0,6.308559951,32.54992643,0,0,0,0,0,0,0,0,0,0,0,0,0,0,0,0,0,0,0,0,0,0,0,0,0,0,0,0,0,0,0,0,1,0,0,0,0,0,1,0,0,0,42.00281868,0,0,0,0,0,0,2.585660248,0,0,0,1,0,0,0,0,0,0,0,0,0,0,20,0,0,0,0,0,0,0,0
TANGO2_ROV20_3_009.png,0,1,1,0,3,0,0,38.89511195,0,0,0,0,0,0,0,0,0,0,0,0,0,0,0,0,0,0,0,0,0,0,0,0,0,18,0,0,0,0,0,0,1,0,0,0,0,0.335426424,0,0,0,0,22.88918517,0,0,0,0,0,0,0,0,0,0,0,0,0,0,0,0,0,0,0,0,0,5,0,0,0,0,0,0,0,0
TANGO2_ROV20_3_013.png,0,0,0,0,0,0,0,0,0,0,0,0,0,0,9.011660074,1.828831444,0,0,0,0,0,0,0,0,0,0,0,0,0,0,0,0,0,0,0,0,0,0,0,0,1,0,0,0,0,11.0247716,0,0,0,0,97.59257686,0,0,0,0,0,0,8.056172028,0,0,0,0,0,0,0,0,0,0,0,0,0,0,0,0,0,1,0,0,0,0,0
TANGO2_ROV20_5_017.png,0,0,0,0,0,0,0,0.038234129,0,0,0,0,0,0,0,0,0,0,0,0,0,0,0,0,0,0,0,0,0,0,0,0,0,0,0,0,0,0,0,0,5,0,0,0,0,1.762161156,0,0,0,0,99.42645444,0,0,0,0,0,0,0,0,0,0,0,0,0,0,0,0,0,0,0,0,0,2,0,0,0,0,0,0,0,0
TANGO2_ROV20_5_026.png,0,1,0,0,0,0,0,0,3,0,0,0,0,0,0,0,0,0,0,0,0,0,0,0,0,0,0,0,0,0,0,0,0,0,0,0,0,0,0,0,0,0,0,0,0,0,0,0,0,0,100,0,0,0,0,0,0,0,0,0,0,0,0,0,0,0,0,0,1,0,0,0,4,0,0,0,0,0,0,0,0
TANGO2_ROV20_5_037.png,0,2,0,0,0,0,0,0,13,0,0,0,0,0,0,0,0,0,0,0,0,0,0,0,0,0,0,0,0,0,0,0,0,0,0,0,0,0,0,0,0,0,0,0,0,0,0,0,0,0,100,0,0,0,0,0,0,0,0,0,0,0,0,0,0,0,0,0,0,0,0,0,0,0,0,0,0,0,0,0,0
TANGO2_ROV20_5_046.png,0,0,0,0,0,0,0.404535615,0.292959851,19,0,0,0,0,0,0,0,0,0,0,0,0,0,0,0,0,0,0,0,0,0,0,0,0,0,0,0,0,0,0,0,1,0,0,0,0,0.548192717,0,0,0,0,10.81201361,0,0,0,0,0,0,0,0,0,0,0,0,0,0,0,0,0,0,0,0,0,2,0,0,0,1,0,0,0,0
TANGO2_ROV20_5_056.png,0,0,0,0,0,0,0,0.986819391,16,0,0,0,0,0,0,0,0,0,0,0,0,0,0,0,0,0,0,0,0,0,0,0,0,2,0,0,0,0,0,0,0,0,0,0,0,0,0,0,0,0,0.229318145,0,0,0,0,0,0,0,0,0,0,0,0,0,0,0,0,0,0,0,0,0,5,0,0,0,0,0,0,0,0
TANGO2_ROV20_5_066.png,0,0,0,0,0,0,0,14.33425387,0,0,0,0,0,0,0,0,0,0,0,0,0,0,0,0,0,0,0,0,0,0,0,0,0,2,0,0,0,0,1,0,3,0,0,0,0,0.247082957,0,0,0,0,0.682661965,1,0,0,0,0,0,0,0,0,0,0,0,0,0,0,1,0,0,0,0,0,5,0,0,0,0,0.046584376,0,0,0
TANGO2_ROV20_6_003.png,0,0,0,0,0,0,28.5641718,27.92348454,0,0,0,0,0,0,0,0,0,0,0,0,0,0,0,0,0,0,0,0,0,0,0,0,0,0,0,0,0,0,0,0,5,0,0,0,0,8.45401338,0,0,0,0,0,0,0,0,0,0,0,0,0,0,0,0,0,0,0,0,0,0,0,0,0,0,4,0,0,0,0,0,0,0,0
TANGO2_ROV20_6_014.png,0,0,0,0,0,0,0,67.96537086,0,0,0,0,0,0,0,0,0,0,0,0,0,0,0,0,0,0,0,0,0,0,0,0,0,0,0,0,0,0,0,0,4,0,0,0,0,1.504055876,0,0,0,0,0.539887331,0,0,0,0,0,0,0.290426603,0,0,0,0,0,0,0,0,2,3,0,0,0,1,10,0,0,0,0,0,2,0,0
TANGO2_ROV20_7_048.png,0,0,0,0,0,0,0,0,0,0,0,0,0,0,0,3.320615524,0,0,0,0,0,0,0,0,0,0,0,0,0,0,0,0,0,0,0,0,0,0,0,0,0,0,0,0,0,0.408694604,0,0,0,0,95.76216283,0,0,0,0,0,0,0,0,0,0,0,0,0,0,0,0,0,0,0,0,0,1,0,0,0,0,0,0,0,0
TANGO2_ROV20_7_060.png,0,1,0,0,0,0,0,0,0,0,0,0,0,0,0,0,0,0,0,0,0,0,0,0,0,0,0,0,0,0,0,0,0,0,0,0,0,0,0,0,3,0,0,0,0,0.534706462,0,0,0,0,96.41974002,0,0,0,0,0,0,0,0,0,0,0,0,0,0,0,0,0,0,0,0,0,0,0,0,0,0,0,0,0,0
TANGO2_ROV20_8_006.png,0,1,0,0,0,0,0.073573953,1.170117883,0,0,0,0,0,0,0,0,0,0,0,0,0,0,0,0,0,0,0,0,0,0,0,0,0,0,0,0,0,0,0,0,0,0,0,0,0,0,0,0,0,0,8.389870306,0,0,0,0,0,0,1.037111875,0,0,0,0,0,0,0,0,0,2,0,0,0,0,6,0,0,0,0,0,0,0,0
TANGO2_ROV20_8_017.png,0,3,0,0,0,0,0.169631446,0,0,0,0,0,0,0,0,0,0,0,0,0,0,0,0,0,0,0,0,0,0,0,0,0,0,0,0,0,0,0,0,0,0,0,0,0,0,0.408364322,0,0,0,0,35.26054305,0,0,0,0,0,0,2.568222053,0,0,0,0,0,0,0,0,0,0,0,0,0,0,4,0,0,0,0,0,0,0,0
TANGO2_ROV20_8_036.png,0,0,0,0,0,0,0.892098132,61.85705806,0,0,0,0,0,0,0,0,0,0,0,0,0,0,0,0,0,0,0,0,0,0,0,0,0,0,0,0,0,0,0,0,1,0,0,1,0,1.021096573,0,0,0,0,8.923441655,0,0,0,0,0,0,0,0,1,0,0,0,0,0,0,0,0,0,0,0,0,7,0,0,0,0,0,0,0,0
TANGO2_ROV20_t4_1_029.png,0,0,0,0,0,0,0,86.70903821,0,0,0,0,0,0,0,0,0,1,0,0,0,0,0,0,0,0,0,0,0,0,0.826892554,0,0,1,0,0,0,0,0,0,5,0,0,0,0,1.296609043,0,0,0,0,15.87461458,0,0,0,0,0,0,0.137702513,0,0,0,0,4,0,0,0,0,2,0,0,0,0,18,0,0,0,0,0,0,0,0
TANGO2_ROV20_t4_1_038.png,0,0,0,0,1,0,0,47.15308047,0,0,0,0,0,0,0,0,0,0,0,0,0,0,0,0,0,0,0,0,0,0,15.14692205,0,0,10,0,0,0,0,0,0,0,0.012553337,0,0,0,0,0,0,0,0,4.113784193,0,0,0,0,0,0,0,0,0,0,0,0,1,0,0,0,1,0,0,0,0,40,0,0,2,0,0,0,0,0
TANGO2_ROV20_t4_1_053.png,0,1,0,0,0,0,11.35155018,29.94892999,0,0,0,0,0,0,0,0,0,0,0,0,0,0,0,0,0,0,0,0,0,0,0,0,0,9,0,0,0,0,1,0,1,0,0,0,0,0,0,0,0,0,6.196458558,0,0,0,0,0,0,0,0,0,0,0,0,0,0,0,0,0,1,0,0,0,9,0,0,0,0,0,0,0,0
TANGO2_ROV20_t4_1_063.png,0,1,0,0,0,0,7.885353065,0,0,0,0,0,0,0,0,0,0,0,0,0,0,0,0,0,0,0,0,0,0,0,0.334588007,0,0,14,0,0,0,0,1,0,0,0,0,0,0,6.795938158,0,0,0,0,26.22962469,0,0,0,0,0,0,0,0,0,0,0,0,0,0,0,0,0,0,0,1.959168153,0,8,0,0,0,0,0,0,0,0
TANGO2_ROV20_t4_1_073.png,0,0,0,0,0,0,0.819646041,0,0,0,0,0,0,0,0,0,0,0,0,0,0,0,0,0,0,0,0,0,0,0,0,0,0,6,0,0,0,0,1,0,2,0,0,0,0,0.988192065,1,0,0,0,32.78421286,0,0,0,0,0,5.246615808,0,0,0,0,0,0,0,0,0,1,0,0,0,1.002469146,0,10,0,0,0,0,0,0,0,0
TANGO2_ROV20_t4_2_012.png,0,0,0,0,0,0,5.52377856,0,0,0,0,0,0,0,0,0,0,0,0,0,0,0,0,0,0,0,0,1,0,0,0,0,0,34,0,0,0,1,0,0,0,0.175467127,0,0,0,0.025353196,0,0,0,0,51.33950939,0,0,0,0,0,0,0,0,0,0,0,0,0,0,0,0,0,0,0,1.042695684,0,1,0,0,0,0,0,0,0,0
TANGO2_ROV21_1_050.png,0,0,0,0,0,0,0,0,0,0,0,0,0,0,0,0,0,0,0,0,0,0,0,0,0,0,0,0,0,0,42.92757549,0,0,0,0,0,0,0,0,0,0,0,0,0,0,0,4,0,0,0,61.49729497,0,0,0,0,0,0,0,0,0,1,0,0,0,0,0,0,0,0,0,0.336539071,0,31,0,0,0,0,0,0,0,0
TANGO2_ROV21_1_054.png,0,0,0,0,0,0,0,0,0,0,0,0,0,0,0,0,0,0,0,0,0,0,0,0,0,0,0,0,0,0,0,0,0,3,0,0,0,0,0,0,0,0,0,0,0,0,8,0,0,0,21.31172242,0,0,0,0,0,0,0,0,0,0,0,0,0,0,0,0,0,0,0,0,0,14,0,0,0,0,0,0,0,0
TANGO2_ROV21_1_065.png,0,0,0,0,0,0,3.707490005,2.044183416,0,0,0,0,0,0,2.647028516,0,0,0,0,0,0,0,0,0,0,0,0,0,0,0,1.484836501,0,0,0,0,0,0,0,0,0,0,0,0,0,0,0.082141345,2,0,0,0,68.64559087,0,0,0,0,0,0,0.073754564,0,0,0,0,0,0,0,0,0,0,0,0,6.986787427,0,6,0,0,0,0,0,0,0,0
TANGO2_ROV21_1_068.png,0,0,0,0,0,0,2.619269916,0,0,0,0,0,0,0,11.8337851,0,0,0,0,0,0,0,0,0,0,0,0,0,0,0,0,0,0,2,0,0,0,0,0,0,0,0,0,0,0,0.009539234,2,0,0,0,24.62132674,0,0,0,0,0,0,0,0.054936637,0,1,0,0,0,0,0,0,0,0,0,18.64608923,0,0,0,0,0,0,0,0,0,0
TANGO2_ROV21_1_069.png,0,1,1,0,0,0,0.299364392,0,0,0,0,0,0,0,0,0,0,0,0,0,0,0,0,0,0,0,0,0,0,0,27.26000918,0,0,13,0,0,0,0,0,0,0,0,0,0,0,0.05142494,1,0,0,0,15.16929161,0,0,0,0,0,1.128547172,0,0,0,1,0,0,0,0,0,0,0,0,0,0,0,5,0,0,0,0,0,0,0,0
TANGO2_ROV21_1_073.png,0,0,0,0,0,0,0,21.26194412,0,0,0,0,0,0,0,0,0,0,0,0,0.287129432,0,0,0.011870559,0,0,0,0,0,0,0.633286157,0,0,8,0,0,0,0,0,0,0,0,0,0,0,1.533123729,5,0,0,0,23.74969605,0,0,0,0,0,0,0.291722294,0,0,0,8,0,0,0,0,0,0,0,0,3.301446568,0,3,0,0,0,1,0,0,0,0
TANGO2_ROV21_2_005.png,0,0,0,0,0,0,0.962157735,1.329519662,0,0,0,0,0,0,0,0,0,0,0,0,0,0,0,0,0,0,0,0,0,0,0,0,0,0,0,0,0,0,4,0,0,0,0,0,0,13.72139445,1,0,0,0,30.74990348,0,0,0,0,0,0.306082011,0,0,0,0,0,0,0,0,0,0,0,0,0,0,0,0,0,0,0,0,0,0,0,0
TANGO2_ROV21_2_014.png,0,0,0,0,0,0,1.490140532,0,0,0,0,0,0,0,0,0,0,0,0,0,0,0,0,0,0,0,0,0,0,0,0,0,0,0,0,0,0,0,5,0,0,0.748895579,0,0,0,0.132127543,0,0,0,0,30.56803841,0,0,0,0,0,0,0,0,0,0,0,0,0,0,0,0,0,0,0,0,0,5,0,0,0,0,0,0,0,0
TANGO2_ROV21_2_030.png,0,0,0,0,0,0,0.900635267,0,0,0,0,0,0,0,0,0,0,0,0,0,0,0,0,0,0,0,0,0,0,0,0.376454402,0,0,1,0,0,0,0,49,0,0,0,0,0,0,0.241358414,5,0,0,0,4.73860128,0,0,0,0,0,0,0,0,0,0,0,0,0,0,0,0,0,0,0,0,0,0,0,0,0,0,0,0,0,0
TANGO2_ROV21_4_024.png,0,0,0,0,0,0,0,23.10300607,0,0,0,0,0,0,0,0,0,0,0,0,0,0,0,0,0,0,0,0,0,0,25.75649492,0,0,4,0,0,0,0,0,0,0,0,0,0,0,1.040139313,5,0,0,0,8.913897725,0,0,0,0,0,2.020823761,0,0,1,0,0,2,0,0,0,0,0,0,0,0,0,10,0,0,0,0,0.829006172,0,0,0
TANGO2_ROV21_4_034.png,0,1,0,0,0,0,5.711594619,4.726587568,0,0,0,0,0,0,0,0,0,0,0,0,0,0,0,0,0,0,0,0,0,0,0,4.106104124,0,0,0,0,0,0,0,0,0,0,0,0,0,0.908732077,14,0,0,0,20.10594492,0,0,0,0,0,1.111769153,0,0.327854056,0,0,0,0,0,0,0,0,0,0,0,0,0,11,0,0,0,0,0.646322322,0,0,0
TANGO2_ROV21_4_060.png,0,0,1,0,0,0,18.14879469,8.554074416,0,0,0,0,0,0,0,0,0,0,0,0,0,0,0,0,0,0,0,0,0,0,22.65000993,0,0,0,0,0,0,0,0,0,1,0,0,0,0,0.565587988,0,0,0,0,0,0,0,0,0,0,0.334713515,0,5.610084301,1,0,1,1,0,0,0,0,1,0,0,0,0,41,0,0,0,0,0,0,0,0
TANGO2_ROV21_5_068.png,0,0,0,0,0,0,5.870344671,22.45905705,0,0,0,0,0,0,1.297418892,0,0,0,0,0,0,0,0,0,0,0,0,0,0,0,2.451142705,0,0,4,0,0,0,0,2,0,0,0,0,0,0,0.451983357,1,0,0,0,2.730339583,0,0,0,0,0,0,0,0.877302693,0,0,0,0,0,0,0,0,0,0,0,0,0,3,0,0,0,0,0,0,0,0
TANGO2_ROV21_6_006.png,0,0,0,0,0,0,0,0,0,0,0,0,0,0,0,0,0,0,0,0,0,0,0,0,0,0,0,0,0,0,34.11439229,0,0,0,0,0,0,0,2,0,0,0,0,0,0,0.101735651,1,0,0,0,174.090754,0,0,0,0,0,0,0,0,0,0,0,0,0,0,0,0,0,0,0,1.667940966,0,16,0,0,0,0,10.2813233,0,0,0
TANGO2_ROV21_6_012.png,0,0,0,0,0,0,1.829330334,0,0,0,0,0,0,0,0,0,0,0,0,0,0,0,0,0,0,0,0,0,0,0,0,0,0,0,0,0,0,0,4,0,0,0,0,0,0,1.527895071,0,0,0,0,4.392121419,0,0,0,0,0,0,0,0,0,0,0,0,0,0,0,0,0,0,0,0.330547657,0,9,0,0,0,0,0,0,0,0
TANGO2_ROV21_6_016.png,0,0,0,0,0,0,0,0,0,0,0,0,0,0,14.04187861,0,0,0,0,0,0,0,0,0,0,0,0,0,0,0,30.08741334,0,0,0,0,0,0,0,0,0,0,0,0,0,0,0,0,0,0,0,89.01936827,0,0,0,0,0,0,0,0,0,0,0,0,0,0,0,0,0,0,0,0,0,4,0,0,1,0,0,0,0,0
TANGO2_ROV21_6_020.png,0,0,0,0,0,0,13.23279797,0,0,0,0,0,0,0,0,0,0,0,0,0,0,0,0,0,0,0,0,0,0,0,0,0,0,0,0,0,0,0,0,0,1,0,0,0,0,0.09838572,1,0,0,0,15.89777656,0,0,0,0,0,0,0,0,0,0,0,0,0,0,0,0,0,0,0,0,0,0,0,0,0,0,0,0,0,0
TANGO2_ROV21_6_023.png,0,0,0,0,0,0,0.370133466,0,0,0,0,0,0,0,0,0,0,0,0,0,0,0,0,0,0,0,0,0,0,0,15.30223572,0,0,1,0,0,0,0,2,0,0,0,0,0,0,0.005979419,0,0,0,0,11.26595133,0,0,0,0,0,0,0,0,0,0,0,1,0,0,0,0,0,0,0,0,0,5,0,0,0,0,0,0,0,0
TANGO2_ROV21_6_028.png,0,0,0,0,0,0,2.445964771,0,0,0,0,0,0,0,0,0,0,0,0,0,0,0,0,0,0,0,0,0,0,0,50.58887274,0,0,0,0,0,0,0,0,0,0,0,0,0,0,0,2,0,0,0,45.36963588,0,0,0,0,0,0,0,0,0,0,0,0,0,0,0,0,0,0,0,0,0,7,0,0,0,0,0,0,0,0
TANGO2_ROV21_6_035.png,0,0,0,0,0,0,0.415358957,0,0,0,0,0,0,0,0,0,0,0,0,0,0,0,0,0,0,0,0,0,0,0,2.690628084,0,0,0,0,0,0,0,2,0,1,0,0,0,0,1.514266343,0,0,0,0,5.904740671,0,0,0,0,0,0,0,0,0,0,0,0,0,0,0,0,0,0,0,0,0,11,0,0,0,0,0,0,0,0
TANGO2_ROV21_6_043.png,0,0,0,0,0,0,0,0,0,0,0,0,0,0,0,0,0,0,0,0,0,0,0,0,0,0,0,0,0,0,0,0,0,0,0,0,0,0,3,0,0,0,0,0,0,1.560077625,0,0,0,0,20.85054819,0,0,0,0,0,0,0,0,0,0,0,0,0,0,0,0,0,0,0,0,0,4,0,0,0,0,0,0,0,0
TANGO2_ROV21_6_049.png,0,0,0,0,0,0,0.085049872,0.424864253,0,0,0,0,0,0,0,0,0,0,0,0,0,0,0,0,0,0,0,0,0,0,0,0,0,0,0,0,0,0,1,0,0,0,0,0,0,0.241582577,0,0,0,0,3.606941237,0,0,0,0,0,0,0,0,0,0,0,0,0,0,0,0,0,0,0,0.338396073,0,3,0,0,0,0,0,0,0,0
TANGO2_ROV21_6_055.png,0,0,0,0,0,0,9.966868513,9.977574498,0,0,0,1,0,0,0,0,0,0,0,0,0,0,0,0,0,0,0,0,0,0,0,0,0,6,0,0,0,0,0,0,0,0,0,0,0,0.18707703,2,0,0,0,2.675403424,0,0,0,0,0,0,0,0,0,0,0,0,0,0,0,0,0,1,0,5.507634267,0,30,0,0,0,0,0,0,0,0
TANGO2_ROV21_6_060.png,0,0,0,0,0,0,6.925776463,0,0,0,0,0,0,0,0,0,0,0,0,0,0,0,0,0,0,0,0,0,0,0,2.965359468,0,0,8,0,0,0,0,0,0,0,0,0,0,0,0.773834292,0,0,0,0,7.411833546,0,0,0,0,0,0,0,0,0,0,0,0,0,0,0,0,0,0,0,0,0,20,0,0,0,0,0.111343495,0,0,0
TANGO2_ROV21_6_063.png,0,0,0,0,0,0,0,0,0,0,0,0,0,0,0,0,0,0,0,0,0,0,0,0,0,0,0,0,0,0,2.64798163,0,0,0,0,0,0,0,0,0,0,0,0,0,0,0,6,0,0,0,78.30232751,0,0,0,0,0,0,0,0,0,0,0,0,0,0,0,0,0,0,0,0.760827354,0,12,0,0,0,0,0,0,0,0
TANGO2_ROV4_1_018.png,0,0,0,0,0,0,0,0,0,0,0,0,0,0,0,0,0,0,0,0,0,0,0,0,0,0,0,0,0,0,0,0,0,8,0,2.188304426,0,0,0,0,0,0,0,0,0,0,0,0,0,0,2.33274665,0,0,0,0,0,0,0,0,0,0,0,0,0,0,0,0,0,0,0,0,0,0,0,0,0,0,0,0,0,0
TANGO2_ROV4_1_020.png,0,0,1,0,0,0,2.851150764,0,0,0,0,0,0,0,0,0,0,0,0,0,0,0,0,0,0,0,0,0,0,0,0,0,0,6,1,0,0,0,0,0,0,0,0,0,0,0,0,0,0,0,5.083304281,0,0,0,0,0,0,0,0,0,0,0,0,0,0,0,0,0,0,0,0,0,0,0,0,0,0,0,0,0,0
TANGO2_ROV4_1_023.png,0,0,0,0,0,0,0,0,0,0,0,0,0,0,0,0,0,0,0,0,0,0,0,0,0,0,0,0,0,0,0,0,0,8,0,0,0,0,0,0,0,0,0,0,0,0,0,0,0,0,7.705290887,0,0,0,0,0,0,0,0,0,0,0,0,0,0,0,0,0,0,0,0,0,0,0,0,0,0,0,0,0,0
TANGO2_ROV4_1_025.png,0,0,0,0,0,0,9.041187066,0,0,0,0,0,0,0,0,0,0,0,0,0,0,0,0,0,0,0,0,0,0,0,0,0,0,10,0,0,0,0,0,0,0,0,0,0,0,0,0,0,0,0.284876154,8.113124589,0,0,0,0,0,0,0,0,0,0,0,0,0,0,0,0,0,0,0,0,0,0,0,0,0,0,0,0,0,0
TANGO2_ROV4_1_026.png,0,0,0,0,0,0,34.07142944,0,0,0,0,0,0,0,0,0,0,0,0,0,0,0,0,0,0,0,0,0,0,0,0,0,0,5,0,0,0,0,0,0,0,0,0,0,2,0,0,0,0,0,1.218110953,0,0,0,0,0,0,0,0,0,0,0,0,0,0,0,0,0,0,0,0,0,0,0,0,0,0,0,0,0,0
TANGO2_ROV4_1_028.png,0,0,5,0,0,0,19.28541067,0,0,0,0,0,0,0,0,0,0,0,0,0,0,0,0,0,0,0,0,0,0,0,0,0,0,12,2,0,0,0,0,0,0,0,0,0,0,0,0,0,0,0,0.297469818,0,0,0,0,0,0,0,0,0,0,0,0,0,0,0,0,0,0,0,0,0,0,0,0,0,0,0,0,0,0
TANGO2_ROV4_1_029.png,0,0,5,0,0,0,2.970428933,0,0,0,0,0,0,0,0,0,0,0,0,0,0,0,0,0,0,0,0,0,0,0,0,0,0,0,0,0,0,0,1,0,0,0,0,0,0,0,0,0,0,0,7.115183803,0,0,3,0,0,0,0,0,0,0,0,0,0,0,0,0,0,0,0,0,0,0,0,0,0,0,0,0,0,0
TANGO2_ROV4_1_030.png,0,0,0,0,0,0,22.00301757,0,0,0,0,0,0,0,0,0,0,0,0,0,0,0,0.097494538,0,0,0,0,0,0,0.065572583,0,0,0,0,0,0,0,0,0,0,0,0,0,0,0,0,0,0,0,0,1.770915965,0,0,0,1,0,0,0,0,0,0,0,0,0,0,0,0,0,0,0,0,0,0,0,0,0,0,0,0,0,0
TANGO2_ROV4_1_031.png,0,0,0,0,0,0,13.11154867,0,0,0,0,0,0,0,0,0,0,0,0,0,0,0,0,0,0,0,0,0,0,0,0,0,0,0,0,0,0,0,0,0,0,0,0,0,0,0,0,0,0,0,16.52511923,0,0,0,0,0,0,0,0,0,0,0,0,0,0,0,0,0,0,0,0,0,0,0,0,0,0,0,0,0,0
TANGO2_ROV4_1_032.png,0,0,0,0,0,0,37.49222621,0,0,0,0,0,0,0,0,0,0,0,0,0,0,0,0,0,0,0,0,0,0,0,0,0,0,0,0,0,0,0,0,0,0,0,0,0,0,0,0,0,0,0,4.88026254,0,0,0,0,0,0,0,0,0,0,0,0,0,0,0,0,0,0,0,0,0,0,0,0,0,0,0,0,0,0
TANGO2_ROV4_1_033.png,0,0,1,0,0,0,45.8762994,0,0,0,0,0,0,0,0,0,0,0,0,0,0,0,0,0,0,0,0,0,0,0,0,0,0,0,2,0,0,0,0,0,0,0,0,0,0,0,0,0,0,3.736771612,2.535616901,0,0,0,0,0,0,0,0,0,0,0,0,0,0,0,0,0,0,0,0,0,0,0,1,0,0,0,0,0,0
TANGO2_ROV4_1_035.png,0,0,0,0,0,0,14.23977969,0,0,0,0,0,0,0,0,0,0,0,0,0,0,0,0,0,0,0,0,0,0,0,0,0,0,1,1,0,0,0,0,0,0,0,0,0,0,0,0,0,0,0,7.32778185,0,0,0,0,0,0,0,0,0,0,0,0,0,0,0,0,0,0,0,0,0,0,0,0,0,0,0,0,0,0
TANGO2_ROV4_1_036.png,0,0,0,0,0,0,13.06756806,0,0,0,0,0,0,0,0,0,0,0,0,0,0,0,0,0,0,0,0,0,0,0,0,0,0,0,0,0,0,0,0,0,0,0,0,0,0,0,0,0,0,0,9.48228652,0,0,0,0,0,0,0,0,0,0,0,0,0,0,0,0,0,0,0,0,0,0,0,0,0,0,0,0,0,0
TANGO2_ROV4_1_037.png,0,0,6,0,0,0,18.30550613,0,0,0,0,0,0,0,0,0,0,0,0,0,0,0,0,0,0,0,0,0,0,0,0,0,0,1,0,0,0,0,0,0,0,0,0,0,0,0,0,0,0,0,7.562376044,0,0,0,0,0,0,0,0,0,0,0,0,0,0,0,0,0,0,0,0,0,0,0,0,0,0,0,0,0,0
TANGO2_ROV4_1_038.png,0,0,0,0,0,0,27.73642726,0,0,0,0,0,0,0,0,0,0,0,0,0,0,0,0,0,0,0,0,0,0,0,4.840903357,0,0,1,0,0,0,0,1,0,0,0,0,0,0,31.76970182,0,0,0,0,0.39026906,0,0,0,0,0,0,0,0,0,0,0,0,0,0,0,0,0,0,0,0,0,0,0,0,0,0,0,0,0,0
TANGO2_ROV4_1_039.png,0,0,0,0,0,0,83.61924853,0,0,0,0,0,0,0,0,0,0,0,0,0,0,0,0,0,0,0,0,0,0,0,20.21464352,0,0,0,1,0,0,0,0,0,1,0,0,0,0,17.80971289,0,0,0,0,4.322545454,0,0,0,0,0,0,0,0,0,0,0,0,0,0,0,0,0,0,0,0,0,16,0,0,0,0,0,0,0,0
TANGO2_ROV4_1_041.png,0,0,0,0,0,0,133.2266329,0.238347745,0,0,0,0,0,0,0,0,0,0,0,0,0,0,0,0,0,0,0,0,0,0,1.555413056,0,0,0,0,0,0,0,0,0,0,0,0,0,1,0,0,0,0,0,0.806548544,0,0,0,0,0,0,0,0,0,0,0,0,0,0,0,0,0,0,0,0,0,0,0,0,0,0,0,0,0,0
TANGO2_ROV4_1_042.png,0,0,0,0,0,0,45.88976469,0,0,0,0,0,0,0,0,0,0,0,0,0,0,0,0,0,0,0,0,0,0,0,0.24747546,0,0,0,0,0,0,0,3,0,0,0,0,0,1,0,0,0,0,0,0,0,0,0,0,0,0,0,0,0,0,0,0,0,0,0,0,0,0,0,0,0,0,0,0,0,0,0,0,0,0
TANGO2_ROV4_1_043.png,0,0,0,0,0,0,65.3808592,0,0,0,0,0,0,0,0,0,0,0,0,0,0,0,0,0,0,0,0,0,0,0,0,0,0,0,0,0,0,0,2,0,0,0,0,0,0,0,0,0,0,0,1.808705197,0,0,0,0,0,0,0,0,0,0,0,0,0,0,0,0,0,0,0,0,0,0,0,0,0,0,0,0,0,0
TANGO2_ROV4_1_045.png,0,0,0,0,0,0,0,0,0,0,0,0,0,0,0,0,0,0,0,0,0,0,0,0,0,0,0,0,0,0,0,0,0,0,0,0,0,0,0,0,0,0,0,0,0,292.0449827,0,0,0,0,0,0,0,0,0,0,0,0,0,0,0,0,0,0,0,0,0,0,0,0,0,0,0,0,0,0,0,0,0,0,0
TANGO2_ROV4_1_049.png,0,1,0,0,0,0,81.9345726,0,0,0,0,0,0,0,0,0,0,0,0,0,0,0,0,0,0,0,0,0,0,0,0,0,0,0,0,0,0,0,0,0,0,0,0,0,0,0,0,0,0,0,0,0,0,0,0,1,0,0,0,0,0,0,0,0,0,0,0,0,0,0,0,0,0,0,0,0,0,0,0,0,0
TANGO2_ROV4_1_050.png,0,0,0,0,0,0,100,0,0,0,0,0,0,0,0,0,0,0,0,0,0,0,0,0,0,0,0,0,0,0,0.205345539,0,0,0,0,0,0,0,0,0,0,0,0,0,0,0,0,0,0,0,0,1,0,0,1,1,0,0,0,1,0,0,0,0,0,0,0,0,0,0,0,0,0,0,0,0,0,0,0,0,0
TANGO2_ROV4_1_052.png,0,0,0,0,0,0,100.6098361,0,0,0,0,0,0,0,0,0,0,0,0,0,0,0,0,0,0,0,0,0,0,0,34.05296794,0,0,0,0,0,0,0,1,0,0,0,0,0,1,3.452082473,0,0,0,0,0,0,0,0,0,0,0,0,0,0,0,0,0,0,0,0,1,0,0,0,0,0,0,0,0,0,0,0,0,0,0
TANGO2_ROV4_1_055.png,0,1,0,0,0,0,114.6768218,0,0,0,0,0,0,0,0,0,0,0,0,0,0,0,0,0,0,0,0,0,0,0,0,0,0,0,0,0,0,0,0,0,0,0,0,0,0,6.39380527,0,0,0,0,11.37256046,0,0,0,0,0,0,0,0,0,0,0,0,0,0,0,0,0,0,0,0,0,0,0,0,0,0,0,0,0,0
TANGO2_ROV4_1_057.png,0,0,0,0,0,0,41.92752287,0,0,0,0,0,0,0,0,0,0,0,0,0,0,0,0,0,0,0,0,0,0,0,40.90707603,0,0,0,0,0,0,0,0,0,0,0,0,0,0,0.373487764,0,0,0,0,0,0,1,0,0,0,0,0,0,0,0,0,0,0,0,0,0,0,0,0,0,0,0,1,0,0,0,0,0,0,0
TANGO2_ROV4_1_058.png,0,0,0,0,0,0,100,0,0,0,0,0,0,0,0,0,0,0,0,0,0,0,0,0,0,0,0,0,0,0,5.088430045,0,0,0,0,0,0,0,0,0,0,0,0,0,0,0,0,0,0,0,0,0,1,0,0,0,0,0,0,0,0,0,0,1,0,0,0,0,0,0,0,0,0,0,0,0,0,0,0,0,0
TANGO2_ROV4_1_059.png,0,0,0,0,0,0,99.771131,0,0,0,0,0,0,0,0,0,0,0,0,0,0,0,0,0,0,0,0,0,0,0,0,0,0,0,0,0,0,0,0,0,0,0,0,0,0,0,0,0,0,0,0,0,0,0,0,1,0,0,0,0,0,0,0,0,0,0,0,0,0,0,0,0,0,0,0,0,0,0,0,0,0
TANGO2_ROV4_1_062.png,0,0,0,0,0,0,45.11024063,0,0,0,0,0,0,0,0,0,0,0,0,0,0,0,0,0,0,0,0,0,0,0,0,0,0,0,0,0,0,0,1,0,3,0,0,0,0,0,0,0,0,0,4.516029546,0,1,0,0,1,0,0,0,0,0,0,0,0,0,0,0,0,0,0,0,0,0,0,0,0,1,0,1,0,1
TANGO2_ROV4_1_066.png,0,0,0,0,0,0,50.99920724,0,0,0,0,0,0,0,0,0,0,0,0,0,0,0,0,0,0,0,0,0,0,0,0,0,0,0,0,0,0,0,1,0,0,0,0,0,0,0,0,0,0,0,0,0,0,0,0,2,0,0,0,0,0,0,0,1,0,0,0,0,0,0,0,0,0,0,0,0,0,0,1,0,0
TANGO2_ROV4_1_067.png,0,0,0,0,0,0,0,0,0,0,0,0,0,0,0,0,0,0,0,0,0,0,0,0,0,0,0,0,0,0,0,0,0,0,1,0,0,0,0,0,2,0,0,0,0,0,0,0,0,0,0,0,0,0,0,0,0,0,0,0,0,0,0,0,0,0,0,0,0,0,0,0,0,0,0,0,0,0,0,0,0
TANGO2_ROV4_2_019.png,0,0,0,0,0,0,79.82826949,0,0,0,0,0,0,0,0,0,0,0,0.117257875,0,0,0,0,0,0,0,0,0,0,0,0,0,0,0,0,0,0,0,0,0,0,0,0,0,0,0,0,0,0,0,1.997544217,0,0,1,0,0,0,0,0,0,0,0,0,0,0,0,0,0,0,0,0,0,0,0,0,0,0,0,0,0,0
TANGO2_ROV4_2_022.png,0,1,0,0,0,0,112.5951389,0,0,0,0,0,0,1,0,0,0,0,0,0,0,0,0,0,0,0,0,0,0,0,6.893643116,0,0,4,0,0,0,0,0,0,2,0,0,0,0,2.598767159,0,0,0,0,33.05507151,0,0,0,0,2,0,0,0,0,0,0,0,0,0,0,0,0,0,0,0,0,0,0,0,0,0,0,0,0,0
TANGO2_ROV4_2_025.png,1,0,0,0,0,0,0,0,0,0,0,0,0,0,0,0,0,0,0.820961738,0,0,0,0,0,0,0,0,0,0,0,0,0,0,0,0,93.93986667,0,0,0,0,0,0,0,0,0,0,0,0,0,0,4.029242498,0,0,0,0,5,0,0,0,0,0,0,0,0,0,0,0,0,1,0,0,0,0,0,0,0,0,0,0,0,0
TANGO2_ROV4_2_026.png,0,0,0,0,0,0,65.19202037,0,0,0,0,0,0,0,0,0,0,0,0,0,0,0,0,0,0,0,0,0,0,0,0,0,0,0,0,0,0,0,3,0,0,0,0,0,0,3.148190613,0,0,0,0,2.393019292,1,0,0,1,0,0,0,0,1,0,0,0,0,0,0,0,0,0,0,0,0,0,0,0,0,0,0,0,0,0
TANGO2_ROV4_2_028.png,0,0,0,0,0,0,100,0,0,0,0,0,1,0,0,0,0,0,0,0,0,0,0,0,0,0,0,0,0,0,0,0,0,0,0,0,0,0,1,0,1,0,0,0,0,0,0,0,0,0,1.697946226,0,0,0,0,0,0,0,0,0,0,0,0,0,0,0,0,0,0,0,0,0,0,0,0,0,0,0,0,0,0
TANGO2_ROV4_2_029.png,0,0,0,0,0,0,73.59052289,0,0,0,0,0,0,0,0,0,0,0,0,0,0,0,0,0,0,0,0,0,0,0,0,0,0,0,0,0,0,0,0,0,0,0,0,0,0,0.098398858,0,0,0,0,0,0,0,0,0,0,0,0,0,1,0,0,0,0,0,0,0,0,0,0,0,0,0,0,0,0,0,0,0,0,0
TANGO2_ROV4_2_030.png,0,0,0,0,0,0,94.33818316,0,0,0,0,1,0,0,0,0,0,0,0,0,0,0,0,0,0,0,0,0,0,0,0,0,0,0,0,0,0,0,0,0,0,0,0,0,0,0,0,0,0,0,4.294167257,0,0,2,0,0,0,0,0,0,0,0,0,0,0,0,0,0,0,0,0,0,0,0,0,0,0,0,0,0,0
TANGO2_ROV4_2_032.png,0,0,0,0,0,0,96.81591612,0,0,0,0,0,0,0,0,0,0,0,0,0,0,0,0,0,0,0,0,0,0,0,0,0,0,0,0,0,0,0,0,0,0,0,0,0,0,0,0,0,0,0,15.51514857,1,0,0,0,0,0,0,0,0,0,0,0,0,0,0,0,0,0,0,0,0,0,0,0,0,0,0,0,0,0
TANGO2_ROV4_2_033.png,0,1,0,0,0,0,0,0,0,0,0,1,0,0,0,0,0,0,0,0,0,0,0,0,0,0,0,0,0,0,0,0,0,0,0,59.47387841,0,0,0,0,0,0,0,0,0,0.225926244,0,0,0,0,0.528189345,0,0,0,0,0,0,0,0,0,0,0,0,0,0,0,0,0,0,0,0,0,0,0,0,0,0,0,0,0,0
TANGO2_ROV4_2_034.png,0,2,0,0,0,0,0,0,0,0,0,0,0,0,0,0,0,0,0,0,0,0,0,0,0,0,0,0,0,0,0,0,0,0,0,63.54470086,0,0,0,0,0,0,0,0,0,0.894654175,0,0,0,0,6.519474076,0,0,0,0,1,0,0,0,0,0,0,0,0,0,0,0,0,0,0,0,0,0,0,0,0,0,0,0,0,0
TANGO2_ROV4_2_037.png,0,0,0,0,0,0,0,0,0,0,0,0,0,0,0,0,0,0,0,0,0,0,0,0,0,0,0,0,0,0,0,0,0,0,0,65.86672285,0,0,0,0,1,0,0,0,0,1.185028931,0,0,0,0,0.5047984,0,0,0,0,0,0,0,0,2,0,0,0,0,0,0,0,0,0,0,0,0,0,0,0,0,0,0,0,0,0
TANGO2_ROV4_2_038.png,0,0,0,0,0,0,0,0,0,0,0,0,0,0,0,0,0,0,0.144398364,0,0,0,0,0,0,0,0,0,0,0,0,0,0,0,0,71.57310655,0,0,0,0,0,0,0,0,0,1.308589137,0,0,0,0,0.409094978,0,0,0,0,0,0,0,0,0,0,0,0,0,0,0,0,0,0,0,0,0,0,0,0,0,0,0,0,0,0
TANGO2_ROV4_2_039.png,0,0,0,0,0,0,0,0,0,0,0,0,0,0,0,0,0,0,0,0,0,0,0,0,0,0,0,0,0,0,0,0,0,0,0,0,0,0,0,0,1,0,0,0,0,0.116568646,0,0,0,0,0,0,0,0,0,0,0,0,0,0,0,0,0,0,0,0,0,0,0,0,0,0,0,0,0,0,0,0,0,0,0
TANGO2_ROV4_2_040.png,0,0,0,0,0,0,0,0,0,1,0,0,0,0,0,0,0,0,0,0,0,0,0,0,0,0,0,0,0,0,0,0,0,0,0,100,0,0,0,0,0,0,0,0,0,0.292611667,0,0,0,0,0,0,0,0,0,1,0,0,0,0,0,0,0,0,0,0,0,0,0,0,0,0,0,0,0,0,0,0,0,0,0
TANGO2_ROV6_1_022.png,0,0,0,0,0,0,99.80635317,0,0,0,0,0,0,0,0,0,0,0,0,0,0,0,0,0,0,0,0,0,0,0,0,0,0,0,0,0,0,0,0,0,0,0,0,0,0,0,0,0,0,0,0,0,0,0,0,0,0,0,0,0,0,0,0,0,0,0,0,0,0,0,0,0,7,0,0,0,0,0,0,0,0
TANGO2_ROV6_1_023.png,0,0,0,0,0,0,76.54412821,0,0,0,0,0,0,0,0,0,0,0,0,0,0,0,0,0,0,0,0,0,0,0,0,0,0,0,0,0,0,0,0,0,0,0,0,0,0,0,0,0,0,0,21.95349994,0,0,0,0,0,0,0,0,0,0,0,0,0,0,0,0,0,0,0,0,0,20,0,0,0,0,0,0,0,0
TANGO2_ROV6_1_024.png,0,0,0,0,0,0,99.12590372,0,0,0,0,0,0,0,0,0,0,0,0,0,0,0,0,0,0,0,0,0,0,0,0,0,0,0,0,0,0,0,0,0,0,0,0,0,0,0,0,0,0,0,10.44206677,0,0,0,0,0,0,0,0,0,0,0,0,0,0,0,0,0,0,0,0,0,0,0,0,0,0,0,0,0,0
TANGO2_ROV6_1_025.png,0,0,0,0,0,0,99.71610347,0,0,0,0,0,0,0,0,0,0,0,0,0,0,0,0,0,0,0,0,0,0,0,0,0,0,0,0,0,0,0,0,0,0,0,0,0,0,0,0,0,0,0,0,0,0,0,0,0,0,0,0,0,0,0,0,0,0,0,0,0,0,0,0,0,20,0,0,0,0,0,0,0,0
TANGO2_ROV6_1_026.png,0,0,0,0,0,0,99.90036209,0,0,0,0,0,0,0,0,0,0,0,0,0,0,0,0,0,0,0,0,0,0,0,0,0,0,0,0,0,0,0,0,0,0,0,0,0,0,0,0,0,0,0,0,0,0,0,0,0,0,0,0,0,0,0,0,0,0,0,0,0,0,0,0,0,14,0,0,0,0,0,0,0,0
TANGO2_ROV6_1_027.png,0,0,0,0,0,0,93.12544627,0,0,0,0,0,0,0,0,0,0,0,0,0,0,0,0,0,0,0,0,0,0,0,0,0,0,0,0,0,0,0,0,0,0,0,0,0,0,0,0,0,0,0,6.290093011,0,0,0,0,0,0,0,0,0,0,0,0,0,0,0,0,0,0,0,0,0,13,0,0,0,0,0,0,0,0
TANGO2_ROV6_1_028.png,0,0,0,0,0,0,86.58487365,0,0,0,0,0,0,0,0,0,0,0,0,0,0,0,0,0,0,0,0,0,0,0,0,0,0,0,0,0,0,0,0,0,0,0,0,0,0,0,0,0,0,0,12.03328537,0,0,0,0,0,0,0,0,0,0,0,0,0,0,0,0,0,0,0,0,0,25,0,0,0,0,0,0,0,0
TANGO2_ROV6_1_029.png,0,0,0,0,0,0,90.16727374,0,0,0,0,0,0,0,0,0,0,0,0,0,0,0,0,0,0,0,0,0,0,0,0,0,0,0,0,0,0,0,0,0,0,0,0,0,0,0,0,0,0,0,8.23058428,0,0,0,0,0,0,0,0,0,0,0,0,0,0,0,0,0,0,0,0,0,13,0,0,0,0,0,0,0,0
TANGO2_ROV6_1_030.png,0,0,0,0,0,0,100,0,0,0,0,0,0,0,0,0,0,0,0,0,0,0,0,0,0,0,0,0,0,0,0,0,0,0,0,0,0,0,0,0,0,0,0,0,1,0,0,0,0,0,12.9374832,0,0,0,0,0,0,0,0,0,0,0,0,0,0,0,0,0,0,0,0,0,15,0,0,0,0,0,0,0,0
TANGO2_ROV6_1_031.png,0,0,0,0,0,0,133.6373867,0,0,0,0,0,0,0,0,0,0,0,0,0,0,0,0,0,0,1,0,0,0,0,0,0,1.200650931,0,0,0,0,0,0,0,0,0,0,0,0,0,0,0,0,0,18.15995519,0,0,0,0,0,0,0,0,0,0,0,0,0,0,0,0,0,0,0,0,0,40,0,0,0,0,0,0,0,0
TANGO2_ROV6_1_032.png,0,0,0,0,0,0,100,0,0,0,0,0,0,0,0,0,0,0,0,0,0,0,0,0,0,0,0,0,0,0,0,0,2.020195657,0,0,0,0,0,0,0,0,0,0,0,0,0,0,0,0,0,8.359968654,0,0,0,0,0,0,0,0,0,0,0,0,0,0,0,0,0,0,0,0,0,28,0,0,0,0,0,0,0,0
TANGO2_ROV6_1_034.png,0,0,0,0,0,0,100,0,0,0,0,0,0,0,0,0,0,0,0,0,0,0,0,0,0,0,0,0,0,0,0,0,0.078656641,0,0,0,0,0,0,0,0,0,0,0,0,0,0,0,0,0,7.948684585,0,0,0,0,0,0,0,0,0,0,0,0,0,0,0,0,0,0,0,0,0,29,0,0,0,0,0,0,0,0
TANGO2_ROV6_1_037.png,0,0,0,0,0,0,99.66978076,0,0,0,0,0,0,0,0,0,0,0,0,0,0,0,0,0,0,0,0,0,0,0,0,0,0,0,0,0,0,0,0,0,0,0,0,0,0,0,0,0,0,0,0,0,0,0,0,0,0,0,0,0,0,0,0,0,0,0,0,0,0,0,0,0,17,0,0,0,0,0,0,0,0
TANGO2_ROV6_1_038.png,0,0,0,0,0,0,99.93206738,0,0,0,0,0,0,0,0,0,0,0,0,0,0,0,0,0,0,0,0,0,0,0,0,0,0,0,0,0,0,0,0,0,0,0,0,0,0,0,0,0,0,0,4.428455126,0,0,0,0,0,0,0,0,0,0,0,0,0,0,0,0,0,0,0,0,0,6,0,0,0,0,0,0,0,0
TANGO2_ROV6_1_039.png,0,0,0,0,0,0,90.26109506,0,0,0,0,0,0,0,0,0,0,0,0,0,0,0,0,0,0,0,0,0,0,0,0,0,0,2,0,0,0,0,0,0,0,0,0,0,0,0,0,0,0,0,0,0,0,0,0,0,0,0,0,0,0,0,0,0,0,0,0,0,0,0,0,0,0,0,0,0,0,0,0,0,0
TANGO2_ROV6_1_040.png,0,0,0,0,0,0,63.06620498,0,0,0,0,0,0,0,0,0,0,0,0,0,0,0,0,0,0,0,0,0,0,0,0,0,0,22,0,0,0,0,0,0,0,0,0,0,0,0,0,0,0,0,4.047932908,0,0,0,0,0,0,0,0,0,0,0,0,0,0,0,0,0,0,0,0,0,1,0,0,0,0,0,0,0,0
TANGO2_ROV6_1_041.png,0,0,0,0,0,0,80.87582842,0,0,0,0,0,0,0,23.15867937,0,0,0,0,0,0,0,0,0,0,0,0,0,0,0,0,0,0.18344518,0,0,0,0,0,0,0,0,0,0,0,0,0,0,0,0,0,3.029223491,0,0,0,0,0,0,0,0,0,0,0,0,0,0,0,0,0,0,0,0,0,4,0,0,0,0,0,0,0,0
TANGO2_ROV6_1_042.png,0,0,0,0,0,0,97.27994951,0,0,0,0,0,0,0,0,0,0,0,0,0,0,0,0,0,0,0,0,0,0,0,0,0,0,0,0,0,0,0,0,0,0,0,0,0,0,0,0,0,0,0,1.917822071,0,0,0,0,0,0,0,0,0,0,0,0,0,0,0,0,0,0,0,0,0,2,0,0,0,0,0,0,0,0
TANGO2_ROV6_1_043.png,0,0,0,0,0,0,91.93228213,0,0,0,0,0,0,0,0,0,0,0,0,0,0,0,0,0,0,0,0,0,0,0,0,0,0,0,0,0,0,0,0,0,0,0,0,0,0,0,0,0,0,0,13.22052166,0,0,0,0,0,0,0,0,0,0,0,0,0,0,0,0,0,0,0,0,0,0,0,0,0,0,0,0,0,0
TANGO2_ROV6_1_044.png,0,0,0,0,0,0,100,0,0,0,0,0,0,0,0,0,0,0,0,0,0,0,0,0,0,0,0,0,0,0,0,0,0,0,0,0,0,0,0,0,0,0,0,0,0,0,0,0,0,0,0,0,0,0,0,0,0,0,0,0,0,0,0,0,0,0,0,0,0,0,0,0,0,0,0,0,0,0,0,0,0
TANGO2_ROV6_1_045.png,0,0,0,0,0,0,95.12886923,0,0,0,0,0,0,0,0,0,0,0,0,0,0,0,0,0,0,0,0,0,0,0,0,0,0,0,0,0,0,0,0,0,0,0,0,0,0,0,0,0,0,5.352828661,0,0,0,0,0,0,0,0,0,0,0,0,0,0,0,0,0,0,0,0,0,0,8,0,0,0,0,0,0,0,0
TANGO2_ROV6_1_046.png,0,0,0,0,0,0,66.60078228,0,0,0,0,0,0,0,0,0,0,0,0,0,0,0,0,0,0,0,0,0,0,0,0,0,0,0,0,0,0,0,0,0,0,0,0,0,0,0,0,0,0,0,0.593353692,0,0,0,1,0,0,0,0,0,0,0,0,0,0,0,0,0,0,0,0,0,8,0,0,0,0,0,0,0,0
TANGO2_ROV6_1_047.png,0,0,0,0,0,0,100,0,0,0,0,0,0,0,0,0,0,0,0,0,0,0,0,0,0,0,0,0,0,0,0,0,0,0,0,0,0,0,0,0,0,0,0,0,0,0,0,0,0,0,0,0,0,0,0,0,0,0,0,0,0,0,0,0,0,0,0,0,0,0,0,0,3,0,0,0,0,0,0,0,0
TANGO2_ROV6_1_048.png,0,0,0,0,0,0,100,0,0,0,0,0,0,0,0,0,0,0,0,0,0,0,0,0,0,0,0,0,0,0,0,0,0,0,0,0,0,0,0,0,0,0,0,0,0,0,0,0,0,0,0,0,0,0,0,0,0,0,0,0,0,0,0,0,0,0,0,0,0,0,0,0,2,0,0,0,0,0,0,0,0
TANGO2_ROV6_1_049.png,0,0,0,0,0,0,100,0,0,0,0,0,0,0,0,0,0,0,0,0,0,0,0,0,0,0,0,0,0,0,0,0,0,0,0,0,0,0,0,0,0,0,0,0,0,0,0,0,0,0,0,0,0,0,0,0,0,0,0,0,0,0,0,0,0,0,0,0,0,0,0,0,0,0,0,0,0,0,0,0,0
TANGO2_ROV6_1_050.png,0,0,0,0,0,0,106.1947766,0,0,0,0,0,0,0,0,0,0,0,0,0,0,0,0,0,0,0,0,0,0,0,0,0,0,0,0,0,0,0,0,0,0,0,0,0,1,0,0,0,0,0,0,0,0,0,0,0,0,0,0,0,0,0,0,0,0,0,0,0,0,0,0,0,4,0,0,0,0,0,0,0,0
TANGO2_ROV6_1_054.png,0,0,0,0,0,0,0,0,0,0,0,0,0,0,0,0,0,0,0,0,0,0,0,0,0,0,0,0,0,0,0,0,0,0,2,0,0,0,0,0,0,0,0,0,0,0,0,0,0,0,1.242334785,0,0,0,0,0,0,0,0,0,0,0,0,0,0,0,0,0,0,0,0,0,0,0,0,0,0,0,0,0,0
TANGO2_ROV6_1_055.png,0,0,0,0,0,0,0.900779505,0,0,0,0,0,0,0,0,0,0,0,0,0,0,0,0,0,0,0,0,0,0,0,0,0,0,0,0,0,0,0,0,0,0,0,0,0,0,0,0,0,0,0,1.170473725,0,0,0,0,0,0,0,0,0,0,0,0,0,0,0,0,0,0,0,0,0,3,0,0,0,0,0,0,0,0
TANGO2_ROV6_1_056.png,0,0,0,0,0,0,0,0,0,0,0,0,0,0,0,0,0,0,0,0,0,0,0,0,0,0,0,0,0,0,0,0,0,1,0,0,0,0,0,0,0,0,0,0,0,0,0,0,0,0,0,0,0,0,0,0,0,0,0,0,0,0,0,0,0,0,0,0,0,0,0,0,4,0,0,0,0,0,0,0,0
TANGO2_ROV6_1_057.png,0,0,0,0,0,0,9.233969087,0,0,0,0,0,0,0,0,0,0,0,0,0,0,0,0,0,0,0,0,0,0,0,0,0,0,0,0,0,0,0,0,0,0,0,0,0,0,0,0,0,0,0,0,0,0,0,0,0,0,0,0,0,0,0,0,0,0,0,0,0,0,0,0,0,0,0,0,0,0,0,0,0,0
TANGO2_ROV6_1_058.png,0,0,0,0,0,0,100,0,0,0,0,0,0,0,0,0,0,0,0,0,0,0,0,0,0,0,0,0,0,0,0,0,0,0,0,0,0,0,0,0,0,0,0,0,0,0,0,0,0,0,0,0,0,0,0,0,0,0,0,0,0,0,0,0,0,0,0,0,0,0,0,0,1,0,0,0,0,0,0,0,0
TANGO2_ROV6_1_059.png,0,0,0,0,0,0,0,0,0,0,0,0,0,0,0,0,0,0,0,0,0,0,0,0,0,0,0,0,0,0,0,0,0,0,0,0,0,0,0,0,0,0,0,0,0,0,0,0,0,0,0,0,0,0,0,0,0,0,0,0,0,0,0,0,0,0,0,0,0,0,0,0,3,0,0,0,0,0,0,0,0
TANGO2_ROV7_t1_1_056.png,0,0,0,0,0,0,0,0,0,0,0,0,0,0,0,0,0,0,0,0,0,0,0,0,0,0,0,0,0,0,0,0,0,0,0,0,0,0,0,0,0,0,0,0,0,0,0,0,0,0,99.7934358,0,0,14,0,0,0,0,0,0,0,0,0,0,0,0,0,0,0,0,0,0,0,0,0,0,0,0,0,0,0
TANGO2_ROV7_t1_1_057.png,0,0,0,0,0,0,0,0,0,0,0,0,0,0,0,0,0,0,0,0,0,0,0,0,0,0,0,0,0,0,0,0,0,0,0,0,0,0,0,0,0,0,0,0,0,0,0,0,0,0,99.95178253,0,0,3,0,0,0,0,0,0,0,0,0,0,0,0,0,0,0,0,0,0,0,0,0,0,0,0,0,0,0
TANGO2_ROV7_t1_1_058.png,0,0,0,0,0,0,4.246279964,0,0,0,0,0,0,0,0,0,0,0,0,0,0,0,0,0,0,0,0,0,0,0,0,0,0,0,0,0,0,0,0,0,0,0,0,0,0,0,0,0,0,0,99.57246673,0,0,11,0,0,0,0,0,0,0,0,0,0,0,0,0,0,0,0,0,0,0,0,0,0,0,0,0,0,0
TANGO2_ROV7_t1_1_062.png,0,0,0,0,0,0,0,0,0,0,0,0,0,0,23.290192,4.374153395,0,0,0,0,0,0,0,0,0,0,0,0,0,0,0,0,0,0,0,0,0,0,0,0,0,0,0,0,0,0,0,0,0,0,76.436589,0,0,0,0,0,0,0,0,0,0,0,0,0,0,0,0,0,0,0,0,0,0,0,0,0,0,0,0,0,0
TANGO2_ROV7_t1_1_067.png,0,0,0,0,0,0,12.13214823,21.43710519,0,0,0,0,0,0,0,0,0,0,0,0,0,0,0,0,0,0,0,0,0,0,0,0,0,0,0,0,0,0,0,0,0,0,0,0,0,0,0,0,0,0,112.3892761,0,0,2,1,0,0,0,0,0,0,0,0,0,0,0,0,0,0,0,0,0,0,0,0,0,0,0,0,0,0
TANGO2_ROV7_t1_1_072.png,0,0,0,0,0,0,0,0,0,0,0,0,0,0,0,100,0,0,0,0,0,0,0,0,0,0,0,0,0,0,0,0,0,0,0,0,0,0,0,0,0,0,0,0,0,0,0,0,0,0,0,0,0,0,0,0,0,0,0,0,0,0,0,0,0,0,0,0,0,0,0,0,0,0,0,0,0,0,0,0,0
TANGO2_ROV7_t1_2_046.png,0,0,2,0,0,0,0,0,0,0,0,0,0,0,4.373470997,0,0,0,0,0,0,0,0,0,0,0,0,0,0,0,0,0,0,0,0,0,0,0,0,0,0,0,0,0,0,0,0,0,0,0,51.41053138,0,0,0,0,0,0,0,0,0,0,0,0,0,0,0,0,0,0,0,0,0,0,0,0,0,0,0,0,0,0
TANGO2_ROV7_t1_2_065.png,0,0,0,0,0,0,0,0,0,0,0,0,0,0,0,4.980607907,0,0,0,0,0,0,0,0,0,0,0,0,0,1.094816117,0,0,0,0,0,0,0,0,0,0,0,0,0,0,0,0.253634252,0,0,0,0,8.095642385,0,0,0,0,0,0,0,0,0,0,0,0,0,0,0,0,0,0,0,0,0,0,0,0,0,0,0,0,0,0
TANGO2_ROV7_t1_2_072.png,0,0,0,0,0,0,2.622154786,0,0,0,0,0,0,0,0,0,0,0,0,0,0,0,0,0,0,0,0,0,0,0,0,0,0,0,0,0,0,0,0,0,0,0,0,0,0,0.111559689,0,0,0,0,67.55589087,0,0,0,0,0,0,0,0,0,0,0,0,0,0,0,0,0,0,0,0,0,0,0,0,0,0,0,0,0,0
TANGO2_ROV7_t2_1_017.png,0,0,0,0,0,0,0,0,0,0,0,0,0,0,59.43493795,28.34441831,0,0,0,0,0,0,0,0,0,0,0,0,0,0,0,0,0,0,0,0,0,0,0,0,0,0,0,0,0,0,0,0,0,0,24.72554547,0,0,0,0,0,0,0,0,0,0,0,0,0,0,0,0,0,0,0,0,0,0,0,0,0,0,0,0,0,0
TANGO2_ROV7_t2_1_029.png,0,0,0,0,0,0,0,0,0,0,0,0,0,0,0,42.89534754,0,0,0,0,0,0,0,0,0,0,0,0,0,0,0,0,0,0,0,0,0,0,0,0,0,0,0,0,0,0,0,0,0,0,57.77525591,0,0,0,0,0,0,0,0,0,0,0,0,0,0,0,0,0,0,0,0,0,0,0,0,0,0,0,0,0,0
TANGO2_ROV7_t2_1_030.png,0,0,0,0,0,0,0,0,0,0,0,0,0,0,11.3109801,74.67237907,0,0,0,0,0,0,0,0,0,0,0,0,0,0,0,0,0,0,0,0,0,0,0,0,0,0,0,0,0,0,0,0,0,0,14.55744391,0,0,0,0,0,0,0,0,0,0,0,0,0,0,0,0,0,0,0,0,0,0,0,0,0,0,0,0,0,0
TANGO2_ROV7_t2_1_045.png,0,0,0,0,0,0,0,0,0,1,0,0,0,0,5.269958146,0,0,0,0,0,0,0,0,0,0,0,0,0,0,0,58.46462482,0,0,0,0,0,0,0,0,0,0,0,0,0,0,0,0,0,0,0,18.63619995,0,0,0,0,1,0,0,0,0,0,0,0,0,0,0,0,0,0,0,0,0,0,0,0,0,0,0,0,0,0
TANGO2_ROV7_t2_1_066.png,0,0,0,0,0,0,13.43798211,0,0,0,0,0,0,0,0,0,0,0,0,0,0,0,0,0,0,0,0,0,0,0,43.64081706,0,0,0,0,0,0,0,0,0,0,0,0,0,0,0.555204552,0,0,0,3.357512079,8.695675878,0,0,4,0,0,0,0,0,0,0,0,0,0,0,0,0,0,0,0,0,0,27,0,0,0,0,0,0,0,0
TANGO2_ROV7_t2_1_069.png,0,1,0,0,0,0,0,65.60091253,0,0,0,0,0,0,0,0,0,0,0,0,0,0,0,0,0,0,0,0,0,0.9766993,0,0,0,2,0,0,0,0,0,0,0,0,0,0,1,0,0,0,0,0,2.579983829,0,0,0,0,0,0,0,0,0,0,0,0,0,0,0,0,0,0,0,0,0,7,0,0,0,0,0,0,0,0
TANGO2_ROV7_t2_2_025.png,0,0,0,0,0,0,0,19.99357163,0,0,0,0,0,0,0,0,0,0,0,0,0,0,0,0,0,0,0,0,0,0,0,0,0,0,0,0,0,0,0,0,0,0,0,0,0,0,0,0,0,0,0,0,0,0,0,0,0,0,0,0,0,0,0,0,0,0,0,0,0,0,0,0,0,0,0,0,0,0,0,0,0
TANGO2_ROV7_t2_2_037.png,0,0,0,0,0,0,0,11.10587506,0,0,0,0,0,0,0,0,0,0,0,0,0,0,0,0,0,1,0,0,0,0,0,0,0,13,0,0,0,0,0,0,0,0,0,0,0,0,0,0,0,0,8.694842157,0,0,1,0,0,0,0,0,0,0,0,0,0,0,0,0,0,0,0,0,0,0,0,0,0,0,0,0,0,0
TANGO2_ROV7_t2_2_045.png,0,0,2,0,0,0,0,19.72653006,0,0,0,0,0,0,0,0,0,0,0,0,0,0,0,0,0,0,0,0,0,0,0,0,0,0,0,0,0,0,0,0,0,0,0,0,0,3.497486191,0,0,0,0,5.994398171,0,0,0,0,0,0,0,0,0,0,0,0,0,0,0,0,0,0,0,0,0,1,0,0,0,0,0,0,0,0
TANGO2_ROV7_t3_1_058.png,0,0,0,0,0,0,0.225728613,0,0,0,0,0,0,0,0,0,0,0,0,0,0,0,0,0,0,0,0,0,0,0,23.29244427,0,0,0,0,0,0,0,0,0,0,0,0,0,0,0,0,0,0,0,2.383453335,0,0,0,0,0,0,0,0,0,0,0,0,0,0,0,0,0,0,0,0,0,3,0,0,0,0,0,0,0,0
TANGO2_ROV7_t3_1_062.png,0,0,0,0,0,0,3.022993634,3.282762924,0,0,0.783003217,0,0,0,0,0,0,0,0,0,0,0,0,0.205164252,0,0,0,0,0,0,0,0,0,0,0,0,0,0,0,0,1,0,0,0,0,0,0,0,0,0,0.606247535,0,0,0,0,0,0,0,0,0,0,0,0,0,0,0,0,0,0,0,0,0,19,0,0,0,0,0,0,0,0
TANGO2_ROV7_t3_1_063.png,0,0,0,0,0,0,15.6007054,0,0,0,13.74321877,0,0,0,0,0,0,0,0,0,0,0,0,0,0,0,0,0,0,0,0,0,0,1,0,0,0,0,0,0,0,0,0,0,0,0,0,0,0,0,7.630327176,0,0,0,0,0,0,0,0,0,0,0,0,0,0,0,0,0,0,0,0,0,12,0,0,0,0,0,0,0,0
TANGO2_ROV7_t3_2_008.png,0,0,1,0,0,0,0,0,0,0,0,0,0,0,0,0.666520621,0,0,0,0,0,0,0,0,0,0,0,0,0,0.053619825,0,0,0,0,0,0.459004301,0,0,0,0,0,0,0,0,0,0,0,0,0,0,26.99405949,0,0,0,0,0,0,0,0.021998325,0,0,0,0,0,0,0,0,0,0,0,0,0,6,0,0,0,0,0,0,0,0
TANGO2_ROV7_t3_2_015.png,0,0,0,0,0,0,0,0,0,0,0,0,0,0,5.486122917,37.60165409,0,0,0,0,0,0,0,0,0,0,0,0,0,0,0,0,0,0,0,0,0,0,0,0,0,0,0,0,0,0,0,0,0,0,93.04288912,0,0,0,0,0,0,0,0,0,0,0,0,0,0,0,0,0,0,0,0,0,0,0,0,0,0,0,0,0,0
TANGO2_ROV7_t3_2_024.png,0,0,0,0,0,0,0,0,0,0,0,0,0,0,18.99780549,23.07399885,0,0,0,0,0,0,0,0,0,0,0,0,0,0,0.351339918,0,0,0,0,0,0,0,0,0,0,0,0,0,0,0,0,0,0,0,61.39972813,0,0,0,0,0,0,0,0,0,0,0,0,0,0,0,0,0,0,0,0,0,5,0,0,0,0,0,0,0,0
TANGO2_ROV9_1_020.png,0,0,0,0,0,0,58.69241337,0,0,0,0,0,0,0,0,0,0,0,0,0,0,0,0,0,0,0,0,0,0,0,0,0,0,0,0,0,0,0,0,0,0,0,0,0,0,0,0,0,0,0,0,0,0,0,0,0,0,0,0,0,0,0,0,0,0,0,0,0,0,0,0,0,2,0,0,0,0,0,0,0,0
TANGO2_ROV9_1_022.png,0,0,0,0,0,0,100,0,0,0,0,0,0,0,0,0,0,0,0,0,0,0,0,0,0,0,0,0,0,0,0,0,0,0,0,0,0,0,0,0,0,0,0,0,0,0,0,0,0,0,0,0,0,0,0,0,0,0,0,0,0,0,0,0,0,0,0,0,0,0,0,0,0,0,0,0,0,0,0,0,0
TANGO2_ROV9_1_028.png,0,0,0,0,0,0,31.04105334,0,0,0,0,0,0,0,0,0,0,0,0,0,0,0,0,0,0,0,0,0,0,0,0,0,0,0,0,0,0,0,0,0,0,0,0,0,0,0,0,0,0,0,0.763238953,0,0,0,0,0,0,0,0,0,0,0,0,0,0,0,0,0,0,0,0,0,0,0,0,0,0,0,0,0,0
TANGO2_ROV9_1_044.png,0,0,0,0,0,0,100,0,0,0,0,0,0,0,0,0,0,0,0,0,0,0,0,0,0,0,0,0,0,0,0,0,0,0,0,0,0,0,0,0,0,0,0,0,0,0,0,0,0,0,0,0,0,0,0,0,0,0,0,0,0,0,0,0,0,0,0,0,0,0,0,0,9,0,0,0,0,0,0,0,0
TANGO2_ROV9_1_046.png,0,0,0,0,0,0,100,0,0,0,0,0,0,0,0,0,0,0,0,0,0,0,0,0,0,0,0,0,0,0,0,0,0,0,0,0,0,0,0,0,0,0,0,0,0,0,0,0,0,0,0,0,0,0,0,0,0,0,0,0,0,0,0,0,0,0,0,0,0,0,0,0,10,0,0,0,0,0,0,0,0
TANGO2_ROV9_1_052.png,0,0,0,0,0,0,0,0,0,0,0,0,0,0,0,0,0,0,0,0,0,0,0,0,0,0,0,0,0,0,0,0,0,9,0,0,0,0,0,0,0,0,0,0,0,0,0,0,0,0,0,0,0,0,0,0,0,0,0,0,0,0,0,0,0,0,0,0,0,0,0,0,0,0,0,0,0,0,0,0,0
TANGO2_ROV9_1_058.png,0,0,0,0,0,0,23.3585664,0,0,0,0,0,0,0,0,0,0,0,0,0,0,0,0,0,0,0,0,0,0,0,0,0,0,17,0,0,0,0,0,0,0,0,0,0,2,0,0,0,0,0,0,0,0,0,0,0,0,0,0,0,0,0,0,0,0,0,0,0,0,0,0,0,0,0,0,0,0,0,0,0,0
TANGO2_ROV9_1_065.png,0,0,0,0,0,0,99.4638275,0,0,0,0,0,0,0,0,0,0,0,0,0,0,0,0,0,0,0,0,0,0,0,0,0,0,0,0,0,0,0,0,0,0,0,0,0,0,0,0,0,0,0,0,0,0,0,0,0,0,0,0,0,0,0,0,0,0,0,0,0,0,0,0,0,0,0,0,0,0,0,0,0,0
TANGO2_ROV9_1_070.png,0,0,0,0,0,0,100,0,0,0,0,0,0,0,0,0,0,0,0,0,0,0,7.701300731,0,0,0,0,0,0,0,0,0,0,0,0,0,0,0,0,0,0,0,0,0,0,0,0,0,0,0,0,0,0,0,0,0,0,0,0,0,0,0,0,0,0,0,0,0,0,0,0,0,0,0,0,0,0,0,0,0,0
TANGO2_ROV9_2_004.png,0,0,0,0,0,0,119.9302537,0,0,0,0,0,0,0,0,0,0,0,0,0,0,0,0,0,0,0,0,0,0,0,0,0,0,0,0,0,0,0,0,0,0,0,0,0,0,0,0,0,0,0,26.93003993,0,0,0,0,0,0,0,0,0,0,0,0,0,0,0,0,0,0,0,0,0,2,0,0,0,0,0,0,0,0
TANGO2_ROV9_2_009.png,0,0,0,0,0,0,2.092774905,0,0,0,0,0,0,0,0,0,0,0,0,0,0,0,0,0,0,0,0,0,0,0,0,0,0,0,0,0,0,0,0,0,0,0,0,0,0,0,0,0,0,0,25.8893778,0,0,0,0,0,0,0,0,0,0,0,0,0,0,0,0,0,0,0,0,0,22,0,0,0,0,0,0,0,0
TANGO2_ROV9_2_021.png,0,0,0,0,0,0,49.98771449,0,0,0,0,0,0,0,18.38385822,0,0,0,0,0,0,0,0,0,0,0,0,0,0,0,0,0,0,0,0,0,0,0,0,0,0,0,0,0,0,0,0,0,0,0,16.73765975,0,0,0,0,0,0,0.355324578,0,0,0,0,0,0,0,0,0,0,0,0,0,0,4,0,0,0,0,0,0,0,0
TANGO2_ROV9_2_027.png,0,0,0,0,0,0,0,0,0,0,0,0,0,0,0,0,0,0,0,0,0,0,0,0,0,0,0,0,0,0,0,0,0,1,0,0,0,0,0,0,0,0,0,0,0,0,0,0,0,0,0,0,0,0,0,0,0,0,0,0,0,0,0,0,0,0,0,0,0,0,0,0,8,0,0,0,0,0,0,0,0
TANGO2_ROV9_4_028.png,0,0,0,0,0,0,2.243686871,0,0,0,0,0,0,0,0,0,0,0,0,0,0,0,0,0,0,0,0,0,0,0,0,0,0,0,0,0,0,0,0,0,0,0,0,0,0,0,0,0,0,0,1.927858115,0,0,0,0,0,0,0,0,0,0,0,0,0,0,0,0,0,0,0,0,0,0,0,0,0,0,0,0,0,0
TANGO2_ROV9_4_033.png,0,0,0,0,0,0,50.66176821,0,0,0,0,0,0,0,0,0,0,0,0,0,0,0,0,0,0,0,0,0,0,0.166417235,0,0,0,0,0,0,0,0,0,1,0,0,0,0,0,0,0,0,0,0,4.779024614,0,0,0,0,0,0,0,0,0,0,0,0,0,0,0,0,0,0,0,0,0,10,0,0,0,0,0,0,0,0
TANGO2_ROV9_4_044.png,0,0,0,0,0,0,71.81230878,0,0,0,0,0,0,0,0,0,0,0,0,0,0,0,0,0,0,0,0,0,0,0,0,0,0,0,0,0,0,0,0,0,0,0,0,0,0,0,0,0,0,0,11.56209066,0,1,0,0,0,0,0,0,0,0,0,0,0,0,0,0,0,0,0,0,0,13,0,0,0,0,0,0,0,0
TANGO2_ROV9_4_052.png,0,0,0,0,0,0,100,0,0,0,0,0,0,0,0,0,0,0,0,0,0,0,0,0,0,0,0,0,0,0,0,0,0,0,0,0,0,0,0,0,0,0,0,0,0,0,0,0,0,0,0,0,0,0,0,0,0,0,0,0,0,0,0,0,0,0,0,0,0,0,0,0,0,0,0,0,0,0,0,0,0
TANGO2_ROV9_4_061.png,0,0,0,0,0,0,100,0,0,0,0,0,0,0,0,0,0,0,0,0,0,0,0,0,0,0,0,0,0,0.364698628,0,0,0,0,0,0,0,0,0,0,0,0,0,0,0,0,0,0,0,0,4.640057731,0,0,0,0,0,0,0,0,0,0,0,0,0,0,0,0,0,0,0,0,0,12,0,0,0,0,0,0,0,0
TANGO2_ROV9_4_070.png,0,0,0,0,0,0,3.999820635,0,0,0,0,0,0,0,0,0,0,0,0,0,0,0,0,0,0,0,0,0,0,0,0,0,0,0,0,0,0,0,0,0,0,0,0,0,0,0,0,0,0,0,0,0,0,0,0,0,0,0,0,0,0,0,0,0,0,0,0,0,0,0,0,0,0,0,0,0,0,0,0,0,0
TANGO2_ROV9_5_006.png,0,0,0,0,0,0,100,0,0,0,0,0,0,0,0,0,0,0,0,0,0,0,0,0,0,0,0,0,0,0,0,0,0,0,0,0,0,0,0,0,0,0,0,0,0,0,0,0,0,0,1.19465799,0,0,0,0,0,0,0,0,0,0,0,0,0,0,0,0,0,0,0,0,0,9,0,0,0,0,0,0,0,0
TANGO2_ROV9_5_015.png,0,0,0,0,0,0,100,0,0,0,0,0,0,0,0,0,0,0,0,0,0,0,0,0,0,0,0,0,0,0,0,0,0,0,0,0,0,0,0,0,0,0,0,0,0,0,0,0,0,0,0.340527704,0,0,0,0,0,0,0,0,0,0,0,0,0,0,0,0,0,0,0,0,0,5,0,0,0,0,0,0,0,0
TANGO2_ROV9_5_024.png,0,0,5,0,0,0,6.952047484,0,0,0,0,0,0,0,0,0,0,0,0,0,0,0,0,0,0,0,0,0,0,0,0,0,0,0,0,0,0,0,0,0,0,0,0,0,0,0,0,0,0,0,0,0,0,0,0,0,0,0,0,0,0,0,0,0,0,0,0,0,0,0,0,0,0,0,0,0,0,0,0,0,0
TANGO2_ROV9_5_033.png,0,0,5,0,0,0,22.08880669,0,0,0,0,0,0,0,0,0,0,0,0,0,0,0,0,0,0,0,0,0,0,0,0,0,0,0,0,0,0,0,0,0,0,0,0,0,0,0,0,0,0,0,3.71432131,0,0,0,0,0,0,0,0,0,0,0,0,0,0,0,0,0,0,0,0,0,0,0,0,0,0,0,0,0,0
TANGO2_ROV9_5_053.png,0,0,0,0,0,0,100,0,0,0,0,0,0,0,0,0,0,0,0,0,0,0,0,0,0,0,0,0,0,0,0,0,0,0,0,0,0,0,0,0,0,0,0,0,1,0,0,0,0,0,2.197649778,0,0,0,0,0,0,0,0,0,0,0,0,0,0,0,0,0,0,0,0,0,3,0,0,0,0,0,0,0,0
TANGO2_ROV9_5_055.png,0,0,0,0,0,0,100,0,0,0,0,0,0,0,0,0,0,0,0,0,0,0,0,0,0,0,0,0,0,0,0,0,0,0,0,0,0,0,0,0,0,0,0,0,0,0,0,0,0,0,10.7526262,0,0,0,0,0,0,0,0,0,0,0,0,0,0,0,0,0,0,0,0,0,4,0,0,0,0,0,0,0,0
TANGO2_ROV9_5_061.png,0,0,0,0,0,0,0,0,0,0,0,0,0,0,0,0,0,0,0,0,0,0,0,0,0,0,0,0,0,0,0,0,0,0,0,0,0,0,0,0,0,0,0,0,0,0,0,0,0,0,0,0,0,0,0,0,0,0,0,0,0,0,0,0,0,0,0,0,0,0,0,0,2,0,0,0,0,0,0,0,0
TANGO2_ROV9_5_068.png,0,0,0,0,0,0,10.8785179,0,0,0,0,0,0,0,0,0,0,0,0,0,0,0,0,0,0,0,0,0,0,0,0,0,0,0,0,0,0,0,0,0,0,0,0,0,0,0,0,0,0,0,0,0,0,0,0,0,0,0,0,0,0,0,0,0,0,0,0,0,0,0,0,0,3,0,0,0,0,0,0,0,0
TANGO2_ROV9_5_073.png,0,0,0,0,0,0,100,0,0,0,0,0,0,0,0,0,0,0,0,0,0,0,0,0,0,0,0,0,0,0,0,0,0,0,0,0,0,0,0,0,0,0,0,0,1,0,0,0,0,0,0.571197407,0,0,0,0,0,0,0,0,0,0,0,0,0,0,0,0,0,0,0,0,0,8,0,0,0,0,0,0,0,0
TANGO2_ROV9_6_006.png,0,0,0,0,0,0,99.82089685,0,0,0,0,0,0,0,0,0,0,0,0,0,0,0,0,0,0,0,0,0,0,0,0,0,0,0,0,0,0,0,0,0,0,0,0,0,0,0,0,0,0,0,0,0,0,0,0,0,0,0,0.153010556,0,0,0,0,0,0,0,0,0,0,0,0,0,5,0,0,0,0,0,0,0,0
TANGO2_ROV9_6_012.png,0,0,0,0,0,0,100,0,0,0,0,0,0,0,0,0,0,0,0,0,0,0,0,0,0,0,0,0,0,0,0,0,0,0,0,0,0,0,0,0,0,0,0,0,0,0,0,0,0,0,0.953034487,0,0,0,0,0,0,0,0,0,0,0,0,0,0,0,0,0,0,0,0,0,4,0,0,0,0,0,0,0,0
TANGO2_ROV9_6_018.png,0,0,1,0,0,0,100,0,0,0,0,0,0,0,0,0,0,0,0,0,0,0,0,0,0,0,0,0,0,0,0,0,0,0,0,0,0,0,0,0,0,0,0,0,0,0,0,0,0,0,2.073299698,0,0,0,0,0,0,0,0,0,0,0,0,0,0,0,0,0,0,0,0,0,0,0,0,0,0,0,0,0,0
TANGO2_ROV9_6_030.png,0,0,0,0,0,0,0,0,0,0,0,0,0,0,0,0,0,0,0,0,0,0,0,0,0,0,0,0,0,0,0,0,0,0,0,0,0,0,0,0,0,0,0,0,0,0,0,0,0,0,0,0,0,0,0,0,0,0,0,0,0,0,0,0,0,0,0,0,0,0,0,0,6,0,0,0,0,0,0,0,0
TANGO2_ROV9_6_036.png,0,0,1,0,0,0,0,0,0,0,0,0,0,0,0,0,0,0,0,0,0,0,0,0,0,0,0,0,0,0.401897193,0,0,0,0,0,0,0,0,0,0,0,0,0,0,0,0,0,0,0,0,0.786775175,0,0,0,0,0,0,0,0,0,0,0,0,0,0,0,0,0,0,0,0,0,2,0,0,0,0,0,0,0,0