sourceFileName	eventID	deposition_id	doi	doi_url	image_url	uploaded_at	status	error
TANGO1_ROV13_q1_whole.tif	TANGO1_ROV13_q1	21918817	10.5281/zenodo.21918817	https://doi.org/10.5281/zenodo.21918817	https://zenodo.org/api/records/21918817/files/TANGO1_ROV13_q1_whole.tif/content	2026-08-13 14:48:14.747696	success	NA
TANGO1_ROV13_q2_ortho_whole.tif	TANGO1_ROV13_q2	21918851	10.5281/zenodo.21918851	https://doi.org/10.5281/zenodo.21918851	https://zenodo.org/api/records/21918851/files/TANGO1_ROV13_q2_ortho_whole.tif/content	2026-08-13 14:49:37.077036	success	NA
TANGO1_ROV13_q3_whole.tif	TANGO1_ROV13_q3	21918871	10.5281/zenodo.21918871	https://doi.org/10.5281/zenodo.21918871	https://zenodo.org/api/records/21918871/files/TANGO1_ROV13_q3_whole.tif/content	2026-08-13 14:51:49.068569	success	NA
TANGO1_ROV4_q1_ortho_better.tif	TANGO1_ROV4_q1	21918915	10.5281/zenodo.21918915	https://doi.org/10.5281/zenodo.21918915	https://zenodo.org/api/records/21918915/files/TANGO1_ROV4_q1_ortho_better.tif/content	2026-08-13 14:54:43.345814	success	NA
TANGO1_ROV4_q3_ortho_whole_blended.tif	TANGO1_ROV4_q3	21918953	10.5281/zenodo.21918953	https://doi.org/10.5281/zenodo.21918953	https://zenodo.org/api/records/21918953/files/TANGO1_ROV4_q3_ortho_whole_blended.tif/content	2026-08-13 14:59:24.740208	success	NA
TANGO1_ROV6_q1_ortho_whole.tif	TANGO1_ROV6_q1	21919016	10.5281/zenodo.21919016	https://doi.org/10.5281/zenodo.21919016	https://zenodo.org/api/records/21919016/files/TANGO1_ROV6_q1_ortho_whole.tif/content	2026-08-13 15:05:01.842421	success	NA
TANGO1_ROV7_6_018.png	TANGO1_ROV7_t1	21919092	10.5281/zenodo.21919092	https://doi.org/10.5281/zenodo.21919092	https://zenodo.org/api/records/21919092/files/TANGO1_ROV7_6_018.png/content	2026-08-13 15:05:07.67912	success	NA
TANGO1_ROV7_6_019.png	TANGO1_ROV7_t1	21919096	10.5281/zenodo.21919096	https://doi.org/10.5281/zenodo.21919096	https://zenodo.org/api/records/21919096/files/TANGO1_ROV7_6_019.png/content	2026-08-13 15:05:15.105447	success	NA
TANGO1_ROV7_6_020.png	TANGO1_ROV7_t1	21919098	10.5281/zenodo.21919098	https://doi.org/10.5281/zenodo.21919098	https://zenodo.org/api/records/21919098/files/TANGO1_ROV7_6_020.png/content	2026-08-13 15:05:20.85882	success	NA
TANGO1_ROV7_6_021.png	TANGO1_ROV7_t1	21919100	10.5281/zenodo.21919100	https://doi.org/10.5281/zenodo.21919100	https://zenodo.org/api/records/21919100/files/TANGO1_ROV7_6_021.png/content	2026-08-13 15:05:29.387639	success	NA
TANGO1_ROV7_6_022.png	TANGO1_ROV7_t1	21919103	10.5281/zenodo.21919103	https://doi.org/10.5281/zenodo.21919103	https://zenodo.org/api/records/21919103/files/TANGO1_ROV7_6_022.png/content	2026-08-13 15:05:35.112763	success	NA
TANGO1_ROV7_6_023.png	TANGO1_ROV7_t1	21919109	10.5281/zenodo.21919109	https://doi.org/10.5281/zenodo.21919109	https://zenodo.org/api/records/21919109/files/TANGO1_ROV7_6_023.png/content	2026-08-13 15:05:42.904683	success	NA
TANGO1_ROV7_6_024.png	TANGO1_ROV7_t1	21919113	10.5281/zenodo.21919113	https://doi.org/10.5281/zenodo.21919113	https://zenodo.org/api/records/21919113/files/TANGO1_ROV7_6_024.png/content	2026-08-13 15:05:50.891576	success	NA
TANGO1_ROV7_6_025.png	TANGO1_ROV7_t1	21919115	10.5281/zenodo.21919115	https://doi.org/10.5281/zenodo.21919115	https://zenodo.org/api/records/21919115/files/TANGO1_ROV7_6_025.png/content	2026-08-13 15:05:56.112838	success	NA
TANGO1_ROV7_6_026.png	TANGO1_ROV7_t1	21919117	10.5281/zenodo.21919117	https://doi.org/10.5281/zenodo.21919117	https://zenodo.org/api/records/21919117/files/TANGO1_ROV7_6_026.png/content	2026-08-13 15:06:01.847771	success	NA
TANGO1_ROV7_6_027.png	TANGO1_ROV7_t1	21919121	10.5281/zenodo.21919121	https://doi.org/10.5281/zenodo.21919121	https://zenodo.org/api/records/21919121/files/TANGO1_ROV7_6_027.png/content	2026-08-13 15:06:08.915839	success	NA
TANGO1_ROV7_6_028.png	TANGO1_ROV7_t1	21919123	10.5281/zenodo.21919123	https://doi.org/10.5281/zenodo.21919123	https://zenodo.org/api/records/21919123/files/TANGO1_ROV7_6_028.png/content	2026-08-13 15:06:14.955195	success	NA
TANGO1_ROV7_6_029.png	TANGO1_ROV7_t1	21919125	10.5281/zenodo.21919125	https://doi.org/10.5281/zenodo.21919125	https://zenodo.org/api/records/21919125/files/TANGO1_ROV7_6_029.png/content	2026-08-13 15:06:20.788956	success	NA
TANGO1_ROV7_6_030.png	TANGO1_ROV7_t1	21919131	10.5281/zenodo.21919131	https://doi.org/10.5281/zenodo.21919131	https://zenodo.org/api/records/21919131/files/TANGO1_ROV7_6_030.png/content	2026-08-13 15:06:26.623336	success	NA
TANGO1_ROV7_6_031.png	TANGO1_ROV7_t1	21919135	10.5281/zenodo.21919135	https://doi.org/10.5281/zenodo.21919135	https://zenodo.org/api/records/21919135/files/TANGO1_ROV7_6_031.png/content	2026-08-13 15:06:33.792212	success	NA
TANGO1_ROV7_6_032.png	TANGO1_ROV7_t1	21919139	10.5281/zenodo.21919139	https://doi.org/10.5281/zenodo.21919139	https://zenodo.org/api/records/21919139/files/TANGO1_ROV7_6_032.png/content	2026-08-13 15:06:43.015373	success	NA
TANGO1_ROV7_6_033.png	TANGO1_ROV7_t1	21919144	10.5281/zenodo.21919144	https://doi.org/10.5281/zenodo.21919144	https://zenodo.org/api/records/21919144/files/TANGO1_ROV7_6_033.png/content	2026-08-13 15:06:50.765897	success	NA
TANGO1_ROV7_6_034.png	TANGO1_ROV7_t1	21919148	10.5281/zenodo.21919148	https://doi.org/10.5281/zenodo.21919148	https://zenodo.org/api/records/21919148/files/TANGO1_ROV7_6_034.png/content	2026-08-13 15:06:58.985585	success	NA
TANGO1_ROV7_6_035.png	TANGO1_ROV7_t1	21919156	10.5281/zenodo.21919156	https://doi.org/10.5281/zenodo.21919156	https://zenodo.org/api/records/21919156/files/TANGO1_ROV7_6_035.png/content	2026-08-13 15:07:04.925706	success	NA
TANGO1_ROV7_6_036.png	TANGO1_ROV7_t1	21919160	10.5281/zenodo.21919160	https://doi.org/10.5281/zenodo.21919160	https://zenodo.org/api/records/21919160/files/TANGO1_ROV7_6_036.png/content	2026-08-13 15:07:11.579343	success	NA
TANGO1_ROV7_6_037.png	TANGO1_ROV7_t1	21919162	10.5281/zenodo.21919162	https://doi.org/10.5281/zenodo.21919162	https://zenodo.org/api/records/21919162/files/TANGO1_ROV7_6_037.png/content	2026-08-13 15:07:19.270405	success	NA
TANGO1_ROV7_6_038.png	TANGO1_ROV7_t1	21919167	10.5281/zenodo.21919167	https://doi.org/10.5281/zenodo.21919167	https://zenodo.org/api/records/21919167/files/TANGO1_ROV7_6_038.png/content	2026-08-13 15:07:25.315714	success	NA
TANGO1_ROV7_6_039.png	TANGO1_ROV7_t1	21919169	10.5281/zenodo.21919169	https://doi.org/10.5281/zenodo.21919169	https://zenodo.org/api/records/21919169/files/TANGO1_ROV7_6_039.png/content	2026-08-13 15:07:34.931013	success	NA
TANGO1_ROV7_6_041.png	TANGO1_ROV7_t1	21919171	10.5281/zenodo.21919171	https://doi.org/10.5281/zenodo.21919171	https://zenodo.org/api/records/21919171/files/TANGO1_ROV7_6_041.png/content	2026-08-13 15:07:43.429762	success	NA
TANGO1_ROV7_6_042.png	TANGO1_ROV7_t1	21919173	10.5281/zenodo.21919173	https://doi.org/10.5281/zenodo.21919173	https://zenodo.org/api/records/21919173/files/TANGO1_ROV7_6_042.png/content	2026-08-13 15:07:52.719665	success	NA
TANGO1_ROV7_6_043.png	TANGO1_ROV7_t1	21919175	10.5281/zenodo.21919175	https://doi.org/10.5281/zenodo.21919175	https://zenodo.org/api/records/21919175/files/TANGO1_ROV7_6_043.png/content	2026-08-13 15:07:59.912412	success	NA
TANGO1_ROV7_6_044.png	TANGO1_ROV7_t1	21919179	10.5281/zenodo.21919179	https://doi.org/10.5281/zenodo.21919179	https://zenodo.org/api/records/21919179/files/TANGO1_ROV7_6_044.png/content	2026-08-13 15:08:06.366198	success	NA
TANGO1_ROV7_6_045.png	TANGO1_ROV7_t1	21919183	10.5281/zenodo.21919183	https://doi.org/10.5281/zenodo.21919183	https://zenodo.org/api/records/21919183/files/TANGO1_ROV7_6_045.png/content	2026-08-13 15:08:15.168878	success	NA
TANGO1_ROV7_6_046.png	TANGO1_ROV7_t1	21919185	10.5281/zenodo.21919185	https://doi.org/10.5281/zenodo.21919185	https://zenodo.org/api/records/21919185/files/TANGO1_ROV7_6_046.png/content	2026-08-13 15:08:21.315768	success	NA
TANGO1_ROV7_6_047.png	TANGO1_ROV7_t1	21919187	10.5281/zenodo.21919187	https://doi.org/10.5281/zenodo.21919187	https://zenodo.org/api/records/21919187/files/TANGO1_ROV7_6_047.png/content	2026-08-13 15:08:28.280161	success	NA
TANGO1_ROV7_6_048.png	TANGO1_ROV7_t1	21919191	10.5281/zenodo.21919191	https://doi.org/10.5281/zenodo.21919191	https://zenodo.org/api/records/21919191/files/TANGO1_ROV7_6_048.png/content	2026-08-13 15:08:33.496648	success	NA
TANGO1_ROV7_6_049.png	TANGO1_ROV7_t1	21919193	10.5281/zenodo.21919193	https://doi.org/10.5281/zenodo.21919193	https://zenodo.org/api/records/21919193/files/TANGO1_ROV7_6_049.png/content	2026-08-13 15:08:41.385423	success	NA
TANGO1_ROV7_6_050.png	TANGO1_ROV7_t1	21919197	10.5281/zenodo.21919197	https://doi.org/10.5281/zenodo.21919197	https://zenodo.org/api/records/21919197/files/TANGO1_ROV7_6_050.png/content	2026-08-13 15:08:47.730872	success	NA
TANGO1_ROV7_6_051.png	TANGO1_ROV7_t1	21919205	10.5281/zenodo.21919205	https://doi.org/10.5281/zenodo.21919205	https://zenodo.org/api/records/21919205/files/TANGO1_ROV7_6_051.png/content	2026-08-13 15:08:53.057841	success	NA
TANGO1_ROV7_6_052.png	TANGO1_ROV7_t1	21919207	10.5281/zenodo.21919207	https://doi.org/10.5281/zenodo.21919207	https://zenodo.org/api/records/21919207/files/TANGO1_ROV7_6_052.png/content	2026-08-13 15:08:58.690958	success	NA
TANGO1_ROV7_6_053.png	TANGO1_ROV7_t1	21919210	10.5281/zenodo.21919210	https://doi.org/10.5281/zenodo.21919210	https://zenodo.org/api/records/21919210/files/TANGO1_ROV7_6_053.png/content	2026-08-13 15:09:04.529227	success	NA
TANGO1_ROV7_6_054.png	TANGO1_ROV7_t1	21919214	10.5281/zenodo.21919214	https://doi.org/10.5281/zenodo.21919214	https://zenodo.org/api/records/21919214/files/TANGO1_ROV7_6_054.png/content	2026-08-13 15:09:09.546607	success	NA
TANGO1_ROV7_6_055.png	TANGO1_ROV7_t1	21919216	10.5281/zenodo.21919216	https://doi.org/10.5281/zenodo.21919216	https://zenodo.org/api/records/21919216/files/TANGO1_ROV7_6_055.png/content	2026-08-13 15:09:14.050221	success	NA
TANGO1_ROV7_7_001.png	TANGO1_ROV7_t1	21919218	10.5281/zenodo.21919218	https://doi.org/10.5281/zenodo.21919218	https://zenodo.org/api/records/21919218/files/TANGO1_ROV7_7_001.png/content	2026-08-13 15:09:20.103319	success	NA
TANGO1_ROV7_7_003.png	TANGO1_ROV7_t1	21919220	10.5281/zenodo.21919220	https://doi.org/10.5281/zenodo.21919220	https://zenodo.org/api/records/21919220/files/TANGO1_ROV7_7_003.png/content	2026-08-13 15:09:25.011046	success	NA
TANGO1_ROV7_7_004.png	TANGO1_ROV7_t1	21919222	10.5281/zenodo.21919222	https://doi.org/10.5281/zenodo.21919222	https://zenodo.org/api/records/21919222/files/TANGO1_ROV7_7_004.png/content	2026-08-13 15:09:29.618074	success	NA
TANGO1_ROV7_7_005.png	TANGO1_ROV7_t1	21919226	10.5281/zenodo.21919226	https://doi.org/10.5281/zenodo.21919226	https://zenodo.org/api/records/21919226/files/TANGO1_ROV7_7_005.png/content	2026-08-13 15:09:35.041395	success	NA
TANGO1_ROV7_7_006.png	TANGO1_ROV7_t1	21919228	10.5281/zenodo.21919228	https://doi.org/10.5281/zenodo.21919228	https://zenodo.org/api/records/21919228/files/TANGO1_ROV7_7_006.png/content	2026-08-13 15:09:40.46886	success	NA
TANGO1_ROV7_7_007.png	TANGO1_ROV7_t1	21919230	10.5281/zenodo.21919230	https://doi.org/10.5281/zenodo.21919230	https://zenodo.org/api/records/21919230/files/TANGO1_ROV7_7_007.png/content	2026-08-13 15:09:47.024733	success	NA
TANGO1_ROV7_7_008.png	TANGO1_ROV7_t1	21919237	10.5281/zenodo.21919237	https://doi.org/10.5281/zenodo.21919237	https://zenodo.org/api/records/21919237/files/TANGO1_ROV7_7_008.png/content	2026-08-13 15:09:52.65636	success	NA
TANGO1_ROV7_7_009.png	TANGO1_ROV7_t1	21919239	10.5281/zenodo.21919239	https://doi.org/10.5281/zenodo.21919239	https://zenodo.org/api/records/21919239/files/TANGO1_ROV7_7_009.png/content	2026-08-13 15:09:59.824545	success	NA
TANGO1_ROV7_7_010.png	TANGO1_ROV7_t1	21919242	10.5281/zenodo.21919242	https://doi.org/10.5281/zenodo.21919242	https://zenodo.org/api/records/21919242/files/TANGO1_ROV7_7_010.png/content	2026-08-13 15:10:07.155662	success	NA
TANGO1_ROV7_7_011.png	TANGO1_ROV7_t1	21919252	10.5281/zenodo.21919252	https://doi.org/10.5281/zenodo.21919252	https://zenodo.org/api/records/21919252/files/TANGO1_ROV7_7_011.png/content	2026-08-13 15:10:14.161216	success	NA
TANGO1_ROV7_7_012.png	TANGO1_ROV7_t1	21919257	10.5281/zenodo.21919257	https://doi.org/10.5281/zenodo.21919257	https://zenodo.org/api/records/21919257/files/TANGO1_ROV7_7_012.png/content	2026-08-13 15:10:19.895149	success	NA
TANGO1_ROV7_7_013.png	TANGO1_ROV7_t1	21919261	10.5281/zenodo.21919261	https://doi.org/10.5281/zenodo.21919261	https://zenodo.org/api/records/21919261/files/TANGO1_ROV7_7_013.png/content	2026-08-13 15:10:24.400815	success	NA
TANGO1_ROV7_7_014.png	TANGO1_ROV7_t1	21919267	10.5281/zenodo.21919267	https://doi.org/10.5281/zenodo.21919267	https://zenodo.org/api/records/21919267/files/TANGO1_ROV7_7_014.png/content	2026-08-13 15:10:30.754296	success	NA
TANGO1_ROV7_7_015.png	TANGO1_ROV7_t1	21919271	10.5281/zenodo.21919271	https://doi.org/10.5281/zenodo.21919271	https://zenodo.org/api/records/21919271/files/TANGO1_ROV7_7_015.png/content	2026-08-13 15:10:38.019534	success	NA
TANGO1_ROV7_7_016.png	TANGO1_ROV7_t1	21919275	10.5281/zenodo.21919275	https://doi.org/10.5281/zenodo.21919275	https://zenodo.org/api/records/21919275/files/TANGO1_ROV7_7_016.png/content	2026-08-13 15:10:42.93539	success	NA
TANGO1_ROV7_7_017.png	TANGO1_ROV7_t1	21919279	10.5281/zenodo.21919279	https://doi.org/10.5281/zenodo.21919279	https://zenodo.org/api/records/21919279/files/TANGO1_ROV7_7_017.png/content	2026-08-13 15:10:48.536014	success	NA
TANGO1_ROV7_7_018.png	TANGO1_ROV7_t1	21919283	10.5281/zenodo.21919283	https://doi.org/10.5281/zenodo.21919283	https://zenodo.org/api/records/21919283/files/TANGO1_ROV7_7_018.png/content	2026-08-13 15:10:56.248629	success	NA
TANGO1_ROV7_7_019.png	TANGO1_ROV7_t1	21919288	10.5281/zenodo.21919288	https://doi.org/10.5281/zenodo.21919288	https://zenodo.org/api/records/21919288/files/TANGO1_ROV7_7_019.png/content	2026-08-13 15:11:03.517384	success	NA
TANGO1_ROV7_7_020.png	TANGO1_ROV7_t1	21919292	10.5281/zenodo.21919292	https://doi.org/10.5281/zenodo.21919292	https://zenodo.org/api/records/21919292/files/TANGO1_ROV7_7_020.png/content	2026-08-13 15:11:10.376095	success	NA
TANGO1_ROV7_7_021.png	TANGO1_ROV7_t1	21919294	10.5281/zenodo.21919294	https://doi.org/10.5281/zenodo.21919294	https://zenodo.org/api/records/21919294/files/TANGO1_ROV7_7_021.png/content	2026-08-13 15:11:16.728296	success	NA
TANGO1_ROV7_7_026.png	TANGO1_ROV7_t1	21919296	10.5281/zenodo.21919296	https://doi.org/10.5281/zenodo.21919296	https://zenodo.org/api/records/21919296/files/TANGO1_ROV7_7_026.png/content	2026-08-13 15:11:23.378963	success	NA
TANGO1_ROV7_7_027.png	TANGO1_ROV7_t1	21919302	10.5281/zenodo.21919302	https://doi.org/10.5281/zenodo.21919302	https://zenodo.org/api/records/21919302/files/TANGO1_ROV7_7_027.png/content	2026-08-13 15:11:32.905426	success	NA
TANGO1_ROV7_7_028.png	TANGO1_ROV7_t1	21919309	10.5281/zenodo.21919309	https://doi.org/10.5281/zenodo.21919309	https://zenodo.org/api/records/21919309/files/TANGO1_ROV7_7_028.png/content	2026-08-13 15:11:41.302495	success	NA
TANGO1_ROV7_7_029.png	TANGO1_ROV7_t1	21919315	10.5281/zenodo.21919315	https://doi.org/10.5281/zenodo.21919315	https://zenodo.org/api/records/21919315/files/TANGO1_ROV7_7_029.png/content	2026-08-13 15:11:47.649982	success	NA
TANGO1_ROV7_7_030.png	TANGO1_ROV7_t1	21919317	10.5281/zenodo.21919317	https://doi.org/10.5281/zenodo.21919317	https://zenodo.org/api/records/21919317/files/TANGO1_ROV7_7_030.png/content	2026-08-13 15:11:53.284521	success	NA
TANGO1_ROV7_7_032.png	TANGO1_ROV7_t1	21919321	10.5281/zenodo.21919321	https://doi.org/10.5281/zenodo.21919321	https://zenodo.org/api/records/21919321/files/TANGO1_ROV7_7_032.png/content	2026-08-13 15:12:00.245594	success	NA
TANGO1_ROV7_7_033.png	TANGO1_ROV7_t1	21919323	10.5281/zenodo.21919323	https://doi.org/10.5281/zenodo.21919323	https://zenodo.org/api/records/21919323/files/TANGO1_ROV7_7_033.png/content	2026-08-13 15:12:05.875019	success	NA
TANGO1_ROV7_7_034.png	TANGO1_ROV7_t1	21919325	10.5281/zenodo.21919325	https://doi.org/10.5281/zenodo.21919325	https://zenodo.org/api/records/21919325/files/TANGO1_ROV7_7_034.png/content	2026-08-13 15:12:14.17829	success	NA
TANGO1_ROV7_7_035.png	TANGO1_ROV7_t1	21919334	10.5281/zenodo.21919334	https://doi.org/10.5281/zenodo.21919334	https://zenodo.org/api/records/21919334/files/TANGO1_ROV7_7_035.png/content	2026-08-13 15:12:22.700491	success	NA
TANGO1_ROV7_7_036.png	TANGO1_ROV7_t1	21919339	10.5281/zenodo.21919339	https://doi.org/10.5281/zenodo.21919339	https://zenodo.org/api/records/21919339/files/TANGO1_ROV7_7_036.png/content	2026-08-13 15:12:30.147136	success	NA
TANGO1_ROV7_7_037.png	TANGO1_ROV7_t1	21919341	10.5281/zenodo.21919341	https://doi.org/10.5281/zenodo.21919341	https://zenodo.org/api/records/21919341/files/TANGO1_ROV7_7_037.png/content	2026-08-13 15:12:37.521008	success	NA
TANGO1_ROV7_7_038.png	TANGO1_ROV7_t1	21919347	10.5281/zenodo.21919347	https://doi.org/10.5281/zenodo.21919347	https://zenodo.org/api/records/21919347/files/TANGO1_ROV7_7_038.png/content	2026-08-13 15:12:43.478527	success	NA
TANGO1_ROV7_7_039.png	TANGO1_ROV7_t1	21919351	10.5281/zenodo.21919351	https://doi.org/10.5281/zenodo.21919351	https://zenodo.org/api/records/21919351/files/TANGO1_ROV7_7_039.png/content	2026-08-13 15:12:48.272274	success	NA
TANGO1_ROV7_7_040.png	TANGO1_ROV7_t1	21919354	10.5281/zenodo.21919354	https://doi.org/10.5281/zenodo.21919354	https://zenodo.org/api/records/21919354/files/TANGO1_ROV7_7_040.png/content	2026-08-13 15:12:53.18454	success	NA
TANGO1_ROV7_7_041.png	TANGO1_ROV7_t1	21919356	10.5281/zenodo.21919356	https://doi.org/10.5281/zenodo.21919356	https://zenodo.org/api/records/21919356/files/TANGO1_ROV7_7_041.png/content	2026-08-13 15:12:57.797095	success	NA
TANGO1_ROV7_7_042.png	TANGO1_ROV7_t1	21919360	10.5281/zenodo.21919360	https://doi.org/10.5281/zenodo.21919360	https://zenodo.org/api/records/21919360/files/TANGO1_ROV7_7_042.png/content	2026-08-13 15:13:03.074521	success	NA
TANGO1_ROV7_7_043.png	TANGO1_ROV7_t1	21919362	10.5281/zenodo.21919362	https://doi.org/10.5281/zenodo.21919362	https://zenodo.org/api/records/21919362/files/TANGO1_ROV7_7_043.png/content	2026-08-13 15:13:09.411499	success	NA
TANGO1_ROV7_7_044.png	TANGO1_ROV7_t1	21919364	10.5281/zenodo.21919364	https://doi.org/10.5281/zenodo.21919364	https://zenodo.org/api/records/21919364/files/TANGO1_ROV7_7_044.png/content	2026-08-13 15:13:15.819492	success	NA
TANGO1_ROV7_7_045.png	TANGO1_ROV7_t1	21919366	10.5281/zenodo.21919366	https://doi.org/10.5281/zenodo.21919366	https://zenodo.org/api/records/21919366/files/TANGO1_ROV7_7_045.png/content	2026-08-13 15:13:22.371999	success	NA
TANGO1_ROV7_7_046.png	TANGO1_ROV7_t1	21919370	10.5281/zenodo.21919370	https://doi.org/10.5281/zenodo.21919370	https://zenodo.org/api/records/21919370/files/TANGO1_ROV7_7_046.png/content	2026-08-13 15:13:28.924234	success	NA
TANGO1_ROV7_7_048.png	TANGO1_ROV7_t1	21919374	10.5281/zenodo.21919374	https://doi.org/10.5281/zenodo.21919374	https://zenodo.org/api/records/21919374/files/TANGO1_ROV7_7_048.png/content	2026-08-13 15:13:36.352172	success	NA
TANGO1_ROV7_7_049.png	TANGO1_ROV7_t1	21919382	10.5281/zenodo.21919382	https://doi.org/10.5281/zenodo.21919382	https://zenodo.org/api/records/21919382/files/TANGO1_ROV7_7_049.png/content	2026-08-13 15:13:43.643031	success	NA
TANGO1_ROV9_q2_ortho_whole.tif	TANGO1_ROV9_q2	21919386	10.5281/zenodo.21919386	https://doi.org/10.5281/zenodo.21919386	https://zenodo.org/api/records/21919386/files/TANGO1_ROV9_q2_ortho_whole.tif/content	2026-08-13 15:21:30.30566	success	NA
TANGO2_ROV10_1_036.png	TANGO2_ROV10_t1	21919515	10.5281/zenodo.21919515	https://doi.org/10.5281/zenodo.21919515	https://zenodo.org/api/records/21919515/files/TANGO2_ROV10_1_036.png/content	2026-08-13 15:21:36.551347	success	NA
TANGO2_ROV10_2_004.png	TANGO2_ROV10_t2	21919517	10.5281/zenodo.21919517	https://doi.org/10.5281/zenodo.21919517	https://zenodo.org/api/records/21919517/files/TANGO2_ROV10_2_004.png/content	2026-08-13 15:21:41.054222	success	NA
TANGO2_ROV10_2_024.png	TANGO2_ROV10_t2	21919519	10.5281/zenodo.21919519	https://doi.org/10.5281/zenodo.21919519	https://zenodo.org/api/records/21919519/files/TANGO2_ROV10_2_024.png/content	2026-08-13 15:21:49.300333	success	NA
TANGO2_ROV10_2_033.png	TANGO2_ROV10_t2	21919523	10.5281/zenodo.21919523	https://doi.org/10.5281/zenodo.21919523	https://zenodo.org/api/records/21919523/files/TANGO2_ROV10_2_033.png/content	2026-08-13 15:21:55.865619	success	NA
TANGO2_ROV10_2_059.png	TANGO2_ROV10_t2	21919527	10.5281/zenodo.21919527	https://doi.org/10.5281/zenodo.21919527	https://zenodo.org/api/records/21919527/files/TANGO2_ROV10_2_059.png/content	2026-08-13 15:22:03.687924	success	NA
TANGO2_ROV10_2_068.png	TANGO2_ROV10_t2	21919531	10.5281/zenodo.21919531	https://doi.org/10.5281/zenodo.21919531	https://zenodo.org/api/records/21919531/files/TANGO2_ROV10_2_068.png/content	2026-08-13 15:22:13.51736	success	NA
TANGO2_ROV10_3_004.png	TANGO2_ROV10_t3	21919537	10.5281/zenodo.21919537	https://doi.org/10.5281/zenodo.21919537	https://zenodo.org/api/records/21919537/files/TANGO2_ROV10_3_004.png/content	2026-08-13 15:22:18.259597	success	NA
TANGO2_ROV10_3_021.png	TANGO2_ROV10_t3	21919539	10.5281/zenodo.21919539	https://doi.org/10.5281/zenodo.21919539	https://zenodo.org/api/records/21919539/files/TANGO2_ROV10_3_021.png/content	2026-08-13 15:22:25.901654	success	NA
TANGO2_ROV10_3_032.png	TANGO2_ROV10_t3	21919541	10.5281/zenodo.21919541	https://doi.org/10.5281/zenodo.21919541	https://zenodo.org/api/records/21919541/files/TANGO2_ROV10_3_032.png/content	2026-08-13 15:22:33.892013	success	NA
TANGO2_ROV10_3_042.png	TANGO2_ROV10_t3	21919547	10.5281/zenodo.21919547	https://doi.org/10.5281/zenodo.21919547	https://zenodo.org/api/records/21919547/files/TANGO2_ROV10_3_042.png/content	2026-08-13 15:22:41.359539	success	NA
TANGO2_ROV10_3_050.png	TANGO2_ROV10_t3	21919554	10.5281/zenodo.21919554	https://doi.org/10.5281/zenodo.21919554	https://zenodo.org/api/records/21919554/files/TANGO2_ROV10_3_050.png/content	2026-08-13 15:22:48.333604	success	NA
TANGO2_ROV10_3_059.png	TANGO2_ROV10_t3	21919558	10.5281/zenodo.21919558	https://doi.org/10.5281/zenodo.21919558	https://zenodo.org/api/records/21919558/files/TANGO2_ROV10_3_059.png/content	2026-08-13 15:22:55.196116	success	NA
TANGO2_ROV10_3_068.png	TANGO2_ROV10_t3	21919560	10.5281/zenodo.21919560	https://doi.org/10.5281/zenodo.21919560	https://zenodo.org/api/records/21919560/files/TANGO2_ROV10_3_068.png/content	2026-08-13 15:23:00.213924	success	NA
TANGO2_ROV10_4_004.png	TANGO2_ROV10	21919565	10.5281/zenodo.21919565	https://doi.org/10.5281/zenodo.21919565	https://zenodo.org/api/records/21919565/files/TANGO2_ROV10_4_004.png/content	2026-08-13 15:23:04.61217	success	NA
TANGO2_ROV10_4_013.png	TANGO2_ROV10	21919567	10.5281/zenodo.21919567	https://doi.org/10.5281/zenodo.21919567	https://zenodo.org/api/records/21919567/files/TANGO2_ROV10_4_013.png/content	2026-08-13 15:23:10.450595	success	NA
TANGO2_ROV10_4_025.png	TANGO2_ROV10	21919569	10.5281/zenodo.21919569	https://doi.org/10.5281/zenodo.21919569	https://zenodo.org/api/records/21919569/files/TANGO2_ROV10_4_025.png/content	2026-08-13 15:23:16.084499	success	NA
TANGO2_ROV10_4_034.png	TANGO2_ROV10	21919571	10.5281/zenodo.21919571	https://doi.org/10.5281/zenodo.21919571	https://zenodo.org/api/records/21919571/files/TANGO2_ROV10_4_034.png/content	2026-08-13 15:23:22.226646	success	NA
TANGO2_ROV10_4_042.png	TANGO2_ROV10	21919573	10.5281/zenodo.21919573	https://doi.org/10.5281/zenodo.21919573	https://zenodo.org/api/records/21919573/files/TANGO2_ROV10_4_042.png/content	2026-08-13 15:23:28.781453	success	NA
TANGO2_ROV10_4_052.png	TANGO2_ROV10	21919577	10.5281/zenodo.21919577	https://doi.org/10.5281/zenodo.21919577	https://zenodo.org/api/records/21919577/files/TANGO2_ROV10_4_052.png/content	2026-08-13 15:23:36.46171	success	NA
TANGO2_ROV10_4_064.png	TANGO2_ROV10	21919579	10.5281/zenodo.21919579	https://doi.org/10.5281/zenodo.21919579	https://zenodo.org/api/records/21919579/files/TANGO2_ROV10_4_064.png/content	2026-08-13 15:23:43.834961	success	NA
TANGO2_ROV10_5_004.png	TANGO2_ROV10	21919585	10.5281/zenodo.21919585	https://doi.org/10.5281/zenodo.21919585	https://zenodo.org/api/records/21919585/files/TANGO2_ROV10_5_004.png/content	2026-08-13 15:23:49.825743	success	NA
TANGO2_ROV13_1_066.png	TANGO2_ROV13_t1	21919587	10.5281/zenodo.21919587	https://doi.org/10.5281/zenodo.21919587	https://zenodo.org/api/records/21919587/files/TANGO2_ROV13_1_066.png/content	2026-08-13 15:23:55.688181	success	NA
TANGO2_ROV13_2_012.png	TANGO2_ROV13_t2	21919589	10.5281/zenodo.21919589	https://doi.org/10.5281/zenodo.21919589	https://zenodo.org/api/records/21919589/files/TANGO2_ROV13_2_012.png/content	2026-08-13 15:24:00.320386	success	NA
TANGO2_ROV13_2_016.png	TANGO2_ROV13_t2	21919591	10.5281/zenodo.21919591	https://doi.org/10.5281/zenodo.21919591	https://zenodo.org/api/records/21919591/files/TANGO2_ROV13_2_016.png/content	2026-08-13 15:24:03.676079	success	NA
TANGO2_ROV13_2_023.png	TANGO2_ROV13_t2	21919595	10.5281/zenodo.21919595	https://doi.org/10.5281/zenodo.21919595	https://zenodo.org/api/records/21919595/files/TANGO2_ROV13_2_023.png/content	2026-08-13 15:24:07.899268	success	NA
TANGO2_ROV13_2_027.png	TANGO2_ROV13_t2	21919597	10.5281/zenodo.21919597	https://doi.org/10.5281/zenodo.21919597	https://zenodo.org/api/records/21919597/files/TANGO2_ROV13_2_027.png/content	2026-08-13 15:24:12.505029	success	NA
TANGO2_ROV13_2_031.png	TANGO2_ROV13_t2	21919601	10.5281/zenodo.21919601	https://doi.org/10.5281/zenodo.21919601	https://zenodo.org/api/records/21919601/files/TANGO2_ROV13_2_031.png/content	2026-08-13 15:24:16.805984	success	NA
TANGO2_ROV13_2_033.png	TANGO2_ROV13_t2	21919603	10.5281/zenodo.21919603	https://doi.org/10.5281/zenodo.21919603	https://zenodo.org/api/records/21919603/files/TANGO2_ROV13_2_033.png/content	2026-08-13 15:24:21.824576	success	NA
TANGO2_ROV13_2_039.png	TANGO2_ROV13_t2	21919606	10.5281/zenodo.21919606	https://doi.org/10.5281/zenodo.21919606	https://zenodo.org/api/records/21919606/files/TANGO2_ROV13_2_039.png/content	2026-08-13 15:24:27.357027	success	NA
TANGO2_ROV13_2_045.png	TANGO2_ROV13_t2	21919608	10.5281/zenodo.21919608	https://doi.org/10.5281/zenodo.21919608	https://zenodo.org/api/records/21919608/files/TANGO2_ROV13_2_045.png/content	2026-08-13 15:24:34.932626	success	NA
TANGO2_ROV13_2_051.png	TANGO2_ROV13_t2	21919610	10.5281/zenodo.21919610	https://doi.org/10.5281/zenodo.21919610	https://zenodo.org/api/records/21919610/files/TANGO2_ROV13_2_051.png/content	2026-08-13 15:24:40.358707	success	NA
TANGO2_ROV13_3_058.png	TANGO2_ROV13_t3	21919618	10.5281/zenodo.21919618	https://doi.org/10.5281/zenodo.21919618	https://zenodo.org/api/records/21919618/files/TANGO2_ROV13_3_058.png/content	2026-08-13 15:24:45.764541	success	NA
TANGO2_ROV13_4_008.png	TANGO2_ROV13	21919623	10.5281/zenodo.21919623	https://doi.org/10.5281/zenodo.21919623	https://zenodo.org/api/records/21919623/files/TANGO2_ROV13_4_008.png/content	2026-08-13 15:24:50.683788	success	NA
TANGO2_ROV13_4_039.png	TANGO2_ROV13	21919625	10.5281/zenodo.21919625	https://doi.org/10.5281/zenodo.21919625	https://zenodo.org/api/records/21919625/files/TANGO2_ROV13_4_039.png/content	2026-08-13 15:24:56.024488	success	NA
TANGO2_ROV13_4_046.png	TANGO2_ROV13	21919628	10.5281/zenodo.21919628	https://doi.org/10.5281/zenodo.21919628	https://zenodo.org/api/records/21919628/files/TANGO2_ROV13_4_046.png/content	2026-08-13 15:25:01.757687	success	NA
TANGO2_ROV13_4_048.png	TANGO2_ROV13	21919631	10.5281/zenodo.21919631	https://doi.org/10.5281/zenodo.21919631	https://zenodo.org/api/records/21919631/files/TANGO2_ROV13_4_048.png/content	2026-08-13 15:25:06.393678	success	NA
TANGO2_ROV13_4_059.png	TANGO2_ROV13	21919633	10.5281/zenodo.21919633	https://doi.org/10.5281/zenodo.21919633	https://zenodo.org/api/records/21919633/files/TANGO2_ROV13_4_059.png/content	2026-08-13 15:25:12.718283	success	NA
TANGO2_ROV13_4_063.png	TANGO2_ROV13	21919635	10.5281/zenodo.21919635	https://doi.org/10.5281/zenodo.21919635	https://zenodo.org/api/records/21919635/files/TANGO2_ROV13_4_063.png/content	2026-08-13 15:25:18.347339	success	NA
TANGO2_ROV13_4_068.png	TANGO2_ROV13	21919638	10.5281/zenodo.21919638	https://doi.org/10.5281/zenodo.21919638	https://zenodo.org/api/records/21919638/files/TANGO2_ROV13_4_068.png/content	2026-08-13 15:25:23.058325	success	NA
TANGO2_ROV13_5_005.png	TANGO2_ROV13	21919640	10.5281/zenodo.21919640	https://doi.org/10.5281/zenodo.21919640	https://zenodo.org/api/records/21919640/files/TANGO2_ROV13_5_005.png/content	2026-08-13 15:25:26.879128	success	NA
TANGO2_ROV13_6_028.png	TANGO2_ROV13	21919644	10.5281/zenodo.21919644	https://doi.org/10.5281/zenodo.21919644	https://zenodo.org/api/records/21919644/files/TANGO2_ROV13_6_028.png/content	2026-08-13 15:25:30.839746	success	NA
TANGO2_ROV13_6_032.png	TANGO2_ROV13	21919648	10.5281/zenodo.21919648	https://doi.org/10.5281/zenodo.21919648	https://zenodo.org/api/records/21919648/files/TANGO2_ROV13_6_032.png/content	2026-08-13 15:25:34.834079	success	NA
TANGO2_ROV13_6_037.png	TANGO2_ROV13	21919652	10.5281/zenodo.21919652	https://doi.org/10.5281/zenodo.21919652	https://zenodo.org/api/records/21919652/files/TANGO2_ROV13_6_037.png/content	2026-08-13 15:25:39.750795	success	NA
TANGO2_ROV13_6_040.png	TANGO2_ROV13	21919654	10.5281/zenodo.21919654	https://doi.org/10.5281/zenodo.21919654	https://zenodo.org/api/records/21919654/files/TANGO2_ROV13_6_040.png/content	2026-08-13 15:25:45.382229	success	NA
TANGO2_ROV13_6_050.png	TANGO2_ROV13	21919658	10.5281/zenodo.21919658	https://doi.org/10.5281/zenodo.21919658	https://zenodo.org/api/records/21919658/files/TANGO2_ROV13_6_050.png/content	2026-08-13 15:25:51.628916	success	NA
TANGO2_ROV13_6_068.png	TANGO2_ROV13	21919660	10.5281/zenodo.21919660	https://doi.org/10.5281/zenodo.21919660	https://zenodo.org/api/records/21919660/files/TANGO2_ROV13_6_068.png/content	2026-08-13 15:25:57.842332	success	NA
TANGO2_ROV13_6_069.png	TANGO2_ROV13	21919662	10.5281/zenodo.21919662	https://doi.org/10.5281/zenodo.21919662	https://zenodo.org/api/records/21919662/files/TANGO2_ROV13_6_069.png/content	2026-08-13 15:26:04.01166	success	NA
TANGO2_ROV13_7_026.png	TANGO2_ROV13	21919664	10.5281/zenodo.21919664	https://doi.org/10.5281/zenodo.21919664	https://zenodo.org/api/records/21919664/files/TANGO2_ROV13_7_026.png/content	2026-08-13 15:26:10.908773	success	NA
TANGO2_ROV13_7_041.png	TANGO2_ROV13	21919670	10.5281/zenodo.21919670	https://doi.org/10.5281/zenodo.21919670	https://zenodo.org/api/records/21919670/files/TANGO2_ROV13_7_041.png/content	2026-08-13 15:26:17.278619	success	NA
TANGO2_ROV14_1_053.png	TANGO2_ROV14_t1	21919672	10.5281/zenodo.21919672	https://doi.org/10.5281/zenodo.21919672	https://zenodo.org/api/records/21919672/files/TANGO2_ROV14_1_053.png/content	2026-08-13 15:26:23.833331	success	NA
TANGO2_ROV14_1_057.png	TANGO2_ROV14_t1	21919676	10.5281/zenodo.21919676	https://doi.org/10.5281/zenodo.21919676	https://zenodo.org/api/records/21919676/files/TANGO2_ROV14_1_057.png/content	2026-08-13 15:26:30.080795	success	NA
TANGO2_ROV14_1_063.png	TANGO2_ROV14_t1	21919678	10.5281/zenodo.21919678	https://doi.org/10.5281/zenodo.21919678	https://zenodo.org/api/records/21919678/files/TANGO2_ROV14_1_063.png/content	2026-08-13 15:26:35.403404	success	NA
TANGO2_ROV14_2_026.png	TANGO2_ROV14_q1	21919680	10.5281/zenodo.21919680	https://doi.org/10.5281/zenodo.21919680	https://zenodo.org/api/records/21919680/files/TANGO2_ROV14_2_026.png/content	2026-08-13 15:26:39.704857	success	NA
TANGO2_ROV14_2_028.png	TANGO2_ROV14_q1	21919682	10.5281/zenodo.21919682	https://doi.org/10.5281/zenodo.21919682	https://zenodo.org/api/records/21919682/files/TANGO2_ROV14_2_028.png/content	2026-08-13 15:26:44.827347	success	NA
TANGO2_ROV14_2_036.png	TANGO2_ROV14_q1	21919684	10.5281/zenodo.21919684	https://doi.org/10.5281/zenodo.21919684	https://zenodo.org/api/records/21919684/files/TANGO2_ROV14_2_036.png/content	2026-08-13 15:26:49.741033	success	NA
TANGO2_ROV14_2_041.png	TANGO2_ROV14_q1	21919686	10.5281/zenodo.21919686	https://doi.org/10.5281/zenodo.21919686	https://zenodo.org/api/records/21919686/files/TANGO2_ROV14_2_041.png/content	2026-08-13 15:26:54.553201	success	NA
TANGO2_ROV14_2_046.png	TANGO2_ROV14_q1	21919690	10.5281/zenodo.21919690	https://doi.org/10.5281/zenodo.21919690	https://zenodo.org/api/records/21919690/files/TANGO2_ROV14_2_046.png/content	2026-08-13 15:26:59.164599	success	NA
TANGO2_ROV14_2_052.png	TANGO2_ROV14_q1	21919694	10.5281/zenodo.21919694	https://doi.org/10.5281/zenodo.21919694	https://zenodo.org/api/records/21919694/files/TANGO2_ROV14_2_052.png/content	2026-08-13 15:27:03.871645	success	NA
TANGO2_ROV14_2_061.png	TANGO2_ROV14_q1	21919696	10.5281/zenodo.21919696	https://doi.org/10.5281/zenodo.21919696	https://zenodo.org/api/records/21919696/files/TANGO2_ROV14_2_061.png/content	2026-08-13 15:27:09.300132	success	NA
TANGO2_ROV14_6_015.png	TANGO2_ROV14	21919702	10.5281/zenodo.21919702	https://doi.org/10.5281/zenodo.21919702	https://zenodo.org/api/records/21919702/files/TANGO2_ROV14_6_015.png/content	2026-08-13 15:27:15.752337	success	NA
TANGO2_ROV14_6_024.png	TANGO2_ROV14	21919708	10.5281/zenodo.21919708	https://doi.org/10.5281/zenodo.21919708	https://zenodo.org/api/records/21919708/files/TANGO2_ROV14_6_024.png/content	2026-08-13 15:27:21.156052	success	NA
TANGO2_ROV14_6_049.png	TANGO2_ROV14	21919710	10.5281/zenodo.21919710	https://doi.org/10.5281/zenodo.21919710	https://zenodo.org/api/records/21919710/files/TANGO2_ROV14_6_049.png/content	2026-08-13 15:27:26.19863	success	NA
TANGO2_ROV14_6_054.png	TANGO2_ROV14	21919712	10.5281/zenodo.21919712	https://doi.org/10.5281/zenodo.21919712	https://zenodo.org/api/records/21919712/files/TANGO2_ROV14_6_054.png/content	2026-08-13 15:27:33.56854	success	NA
TANGO2_ROV14_6_064.png	TANGO2_ROV14	21919714	10.5281/zenodo.21919714	https://doi.org/10.5281/zenodo.21919714	https://zenodo.org/api/records/21919714/files/TANGO2_ROV14_6_064.png/content	2026-08-13 15:27:39.200331	success	NA
TANGO2_ROV14_6_071.png	TANGO2_ROV14	21919716	10.5281/zenodo.21919716	https://doi.org/10.5281/zenodo.21919716	https://zenodo.org/api/records/21919716/files/TANGO2_ROV14_6_071.png/content	2026-08-13 15:27:47.031715	success	NA
TANGO2_ROV14_7_016.png	TANGO2_ROV14	21919720	10.5281/zenodo.21919720	https://doi.org/10.5281/zenodo.21919720	https://zenodo.org/api/records/21919720/files/TANGO2_ROV14_7_016.png/content	2026-08-13 15:27:53.491334	success	NA
TANGO2_ROV14_7_019.png	TANGO2_ROV14	21919722	10.5281/zenodo.21919722	https://doi.org/10.5281/zenodo.21919722	https://zenodo.org/api/records/21919722/files/TANGO2_ROV14_7_019.png/content	2026-08-13 15:27:59.988669	success	NA
TANGO2_ROV14_7_025.png	TANGO2_ROV14	21919724	10.5281/zenodo.21919724	https://doi.org/10.5281/zenodo.21919724	https://zenodo.org/api/records/21919724/files/TANGO2_ROV14_7_025.png/content	2026-08-13 15:28:06.546038	success	NA
TANGO2_ROV14_7_028.png	TANGO2_ROV14	21919726	10.5281/zenodo.21919726	https://doi.org/10.5281/zenodo.21919726	https://zenodo.org/api/records/21919726/files/TANGO2_ROV14_7_028.png/content	2026-08-13 15:28:13.095582	success	NA
TANGO2_ROV14_8_018.png	TANGO2_ROV14	21919728	10.5281/zenodo.21919728	https://doi.org/10.5281/zenodo.21919728	https://zenodo.org/api/records/21919728/files/TANGO2_ROV14_8_018.png/content	2026-08-13 15:28:20.129112	success	NA
TANGO2_ROV14_8_026.png	TANGO2_ROV14	21919733	10.5281/zenodo.21919733	https://doi.org/10.5281/zenodo.21919733	https://zenodo.org/api/records/21919733/files/TANGO2_ROV14_8_026.png/content	2026-08-13 15:28:27.639017	success	NA
TANGO2_ROV14_8_034.png	TANGO2_ROV14	21919735	10.5281/zenodo.21919735	https://doi.org/10.5281/zenodo.21919735	https://zenodo.org/api/records/21919735/files/TANGO2_ROV14_8_034.png/content	2026-08-13 15:28:33.679524	success	NA
TANGO2_ROV14_8_038.png	TANGO2_ROV14	21919739	10.5281/zenodo.21919739	https://doi.org/10.5281/zenodo.21919739	https://zenodo.org/api/records/21919739/files/TANGO2_ROV14_8_038.png/content	2026-08-13 15:28:41.0496	success	NA
TANGO2_ROV14_8_045.png	TANGO2_ROV14	21919743	10.5281/zenodo.21919743	https://doi.org/10.5281/zenodo.21919743	https://zenodo.org/api/records/21919743/files/TANGO2_ROV14_8_045.png/content	2026-08-13 15:28:48.322893	success	NA
TANGO2_ROV14_8_051.png	TANGO2_ROV14	21919747	10.5281/zenodo.21919747	https://doi.org/10.5281/zenodo.21919747	https://zenodo.org/api/records/21919747/files/TANGO2_ROV14_8_051.png/content	2026-08-13 15:28:54.977652	success	NA
TANGO2_ROV14_8_058.png	TANGO2_ROV14	21919752	10.5281/zenodo.21919752	https://doi.org/10.5281/zenodo.21919752	https://zenodo.org/api/records/21919752/files/TANGO2_ROV14_8_058.png/content	2026-08-13 15:28:59.684712	success	NA
TANGO2_ROV14_8_061.png	TANGO2_ROV14	21919754	10.5281/zenodo.21919754	https://doi.org/10.5281/zenodo.21919754	https://zenodo.org/api/records/21919754/files/TANGO2_ROV14_8_061.png/content	2026-08-13 15:29:03.991065	success	NA
TANGO2_ROV14_8_071.png	TANGO2_ROV14	21919756	10.5281/zenodo.21919756	https://doi.org/10.5281/zenodo.21919756	https://zenodo.org/api/records/21919756/files/TANGO2_ROV14_8_071.png/content	2026-08-13 15:29:10.135102	success	NA
TANGO2_ROV14_9_014.png	TANGO2_ROV14	21919758	10.5281/zenodo.21919758	https://doi.org/10.5281/zenodo.21919758	https://zenodo.org/api/records/21919758/files/TANGO2_ROV14_9_014.png/content	2026-08-13 15:29:16.072975	success	NA
TANGO2_ROV15_1_031.png	TANGO2_ROV15_t1	21919760	10.5281/zenodo.21919760	https://doi.org/10.5281/zenodo.21919760	https://zenodo.org/api/records/21919760/files/TANGO2_ROV15_1_031.png/content	2026-08-13 15:29:20.577203	success	NA
TANGO2_ROV15_1_034.png	TANGO2_ROV15_t1	21919763	10.5281/zenodo.21919763	https://doi.org/10.5281/zenodo.21919763	https://zenodo.org/api/records/21919763/files/TANGO2_ROV15_1_034.png/content	2026-08-13 15:29:26.543512	success	NA
TANGO2_ROV15_1_041.png	TANGO2_ROV15_t1	21919766	10.5281/zenodo.21919766	https://doi.org/10.5281/zenodo.21919766	https://zenodo.org/api/records/21919766/files/TANGO2_ROV15_1_041.png/content	2026-08-13 15:29:32.560924	success	NA
TANGO2_ROV15_1_043.png	TANGO2_ROV15_t1	21919769	10.5281/zenodo.21919769	https://doi.org/10.5281/zenodo.21919769	https://zenodo.org/api/records/21919769/files/TANGO2_ROV15_1_043.png/content	2026-08-13 15:29:38.705999	success	NA
TANGO2_ROV15_1_049.png	TANGO2_ROV15_t1	21919771	10.5281/zenodo.21919771	https://doi.org/10.5281/zenodo.21919771	https://zenodo.org/api/records/21919771/files/TANGO2_ROV15_1_049.png/content	2026-08-13 15:29:42.9013	success	NA
TANGO2_ROV15_2_056.png	TANGO2_ROV15_t2	21919773	10.5281/zenodo.21919773	https://doi.org/10.5281/zenodo.21919773	https://zenodo.org/api/records/21919773/files/TANGO2_ROV15_2_056.png/content	2026-08-13 15:29:47.177239	success	NA
TANGO2_ROV15_2_063.png	TANGO2_ROV15_t2	21919775	10.5281/zenodo.21919775	https://doi.org/10.5281/zenodo.21919775	https://zenodo.org/api/records/21919775/files/TANGO2_ROV15_2_063.png/content	2026-08-13 15:29:52.006175	success	NA
TANGO2_ROV15_3_011.png	TANGO2_ROV15_t3	21919783	10.5281/zenodo.21919783	https://doi.org/10.5281/zenodo.21919783	https://zenodo.org/api/records/21919783/files/TANGO2_ROV15_3_011.png/content	2026-08-13 15:29:57.339923	success	NA
TANGO2_ROV15_3_012.png	TANGO2_ROV15_t3	21919785	10.5281/zenodo.21919785	https://doi.org/10.5281/zenodo.21919785	https://zenodo.org/api/records/21919785/files/TANGO2_ROV15_3_012.png/content	2026-08-13 15:30:02.254976	success	NA
TANGO2_ROV15_3_038.png	TANGO2_ROV15_t3	21919788	10.5281/zenodo.21919788	https://doi.org/10.5281/zenodo.21919788	https://zenodo.org/api/records/21919788/files/TANGO2_ROV15_3_038.png/content	2026-08-13 15:30:07.132184	success	NA
TANGO2_ROV15_3_039.png	TANGO2_ROV15_t3	21919790	10.5281/zenodo.21919790	https://doi.org/10.5281/zenodo.21919790	https://zenodo.org/api/records/21919790/files/TANGO2_ROV15_3_039.png/content	2026-08-13 15:30:11.869942	success	NA
TANGO2_ROV15_3_040.png	TANGO2_ROV15_t3	21919792	10.5281/zenodo.21919792	https://doi.org/10.5281/zenodo.21919792	https://zenodo.org/api/records/21919792/files/TANGO2_ROV15_3_040.png/content	2026-08-13 15:30:17.310689	success	NA
TANGO2_ROV15_3_054.png	TANGO2_ROV15_t3	21919796	10.5281/zenodo.21919796	https://doi.org/10.5281/zenodo.21919796	https://zenodo.org/api/records/21919796/files/TANGO2_ROV15_3_054.png/content	2026-08-13 15:30:23.453913	success	NA
TANGO2_ROV15_4_067.png	TANGO2_ROV15	21919798	10.5281/zenodo.21919798	https://doi.org/10.5281/zenodo.21919798	https://zenodo.org/api/records/21919798/files/TANGO2_ROV15_4_067.png/content	2026-08-13 15:30:28.642503	success	NA
TANGO2_ROV15_4_072.png	TANGO2_ROV15	21919802	10.5281/zenodo.21919802	https://doi.org/10.5281/zenodo.21919802	https://zenodo.org/api/records/21919802/files/TANGO2_ROV15_4_072.png/content	2026-08-13 15:30:33.355805	success	NA
TANGO2_ROV15_5_004.png	TANGO2_ROV15	21919804	10.5281/zenodo.21919804	https://doi.org/10.5281/zenodo.21919804	https://zenodo.org/api/records/21919804/files/TANGO2_ROV15_5_004.png/content	2026-08-13 15:30:38.609767	success	NA
TANGO2_ROV15_5_006.png	TANGO2_ROV15	21919810	10.5281/zenodo.21919810	https://doi.org/10.5281/zenodo.21919810	https://zenodo.org/api/records/21919810/files/TANGO2_ROV15_5_006.png/content	2026-08-13 15:30:42.60182	success	NA
TANGO2_ROV15_5_012.png	TANGO2_ROV15	21919812	10.5281/zenodo.21919812	https://doi.org/10.5281/zenodo.21919812	https://zenodo.org/api/records/21919812/files/TANGO2_ROV15_5_012.png/content	2026-08-13 15:30:46.698723	success	NA
TANGO2_ROV15_5_015.png	TANGO2_ROV15	21919814	10.5281/zenodo.21919814	https://doi.org/10.5281/zenodo.21919814	https://zenodo.org/api/records/21919814/files/TANGO2_ROV15_5_015.png/content	2026-08-13 15:30:51.920142	success	NA
TANGO2_ROV15_5_021.png	TANGO2_ROV15	21919816	10.5281/zenodo.21919816	https://doi.org/10.5281/zenodo.21919816	https://zenodo.org/api/records/21919816/files/TANGO2_ROV15_5_021.png/content	2026-08-13 15:30:56.188816	success	NA
TANGO2_ROV15_5_027.png	TANGO2_ROV15	21919818	10.5281/zenodo.21919818	https://doi.org/10.5281/zenodo.21919818	https://zenodo.org/api/records/21919818/files/TANGO2_ROV15_5_027.png/content	2026-08-13 15:31:01.762973	success	NA
TANGO2_ROV16_1_039.png	TANGO2_ROV16_t1	21919822	10.5281/zenodo.21919822	https://doi.org/10.5281/zenodo.21919822	https://zenodo.org/api/records/21919822/files/TANGO2_ROV16_1_039.png/content	2026-08-13 15:31:06.868824	success	NA
TANGO2_ROV16_1_053.png	TANGO2_ROV16_t1	21919824	10.5281/zenodo.21919824	https://doi.org/10.5281/zenodo.21919824	https://zenodo.org/api/records/21919824/files/TANGO2_ROV16_1_053.png/content	2026-08-13 15:31:14.038369	success	NA
TANGO2_ROV16_1_071.png	TANGO2_ROV16_t1	21919826	10.5281/zenodo.21919826	https://doi.org/10.5281/zenodo.21919826	https://zenodo.org/api/records/21919826/files/TANGO2_ROV16_1_071.png/content	2026-08-13 15:31:19.977203	success	NA
TANGO2_ROV16_2_008.png	TANGO2_ROV16_t2	21919834	10.5281/zenodo.21919834	https://doi.org/10.5281/zenodo.21919834	https://zenodo.org/api/records/21919834/files/TANGO2_ROV16_2_008.png/content	2026-08-13 15:31:25.458925	success	NA
TANGO2_ROV16_2_017.png	TANGO2_ROV16_t2	21919836	10.5281/zenodo.21919836	https://doi.org/10.5281/zenodo.21919836	https://zenodo.org/api/records/21919836/files/TANGO2_ROV16_2_017.png/content	2026-08-13 15:31:30.421852	success	NA
TANGO2_ROV16_2_026.png	TANGO2_ROV16_t2	21919838	10.5281/zenodo.21919838	https://doi.org/10.5281/zenodo.21919838	https://zenodo.org/api/records/21919838/files/TANGO2_ROV16_2_026.png/content	2026-08-13 15:31:36.875737	success	NA
TANGO2_ROV16_2_036.png	TANGO2_ROV16_t2	21919842	10.5281/zenodo.21919842	https://doi.org/10.5281/zenodo.21919842	https://zenodo.org/api/records/21919842/files/TANGO2_ROV16_2_036.png/content	2026-08-13 15:31:42.020634	success	NA
TANGO2_ROV16_2_046.png	TANGO2_ROV16_t2	21919844	10.5281/zenodo.21919844	https://doi.org/10.5281/zenodo.21919844	https://zenodo.org/api/records/21919844/files/TANGO2_ROV16_2_046.png/content	2026-08-13 15:31:46.908332	success	NA
TANGO2_ROV16_2_056.png	TANGO2_ROV16_t2	21919848	10.5281/zenodo.21919848	https://doi.org/10.5281/zenodo.21919848	https://zenodo.org/api/records/21919848/files/TANGO2_ROV16_2_056.png/content	2026-08-13 15:31:52.68107	success	NA
TANGO2_ROV16_3_020.png	TANGO2_ROV16_t3	21919854	10.5281/zenodo.21919854	https://doi.org/10.5281/zenodo.21919854	https://zenodo.org/api/records/21919854/files/TANGO2_ROV16_3_020.png/content	2026-08-13 15:31:58.479091	success	NA
TANGO2_ROV16_3_030.png	TANGO2_ROV16_t3	21919856	10.5281/zenodo.21919856	https://doi.org/10.5281/zenodo.21919856	https://zenodo.org/api/records/21919856/files/TANGO2_ROV16_3_030.png/content	2026-08-13 15:32:04.411898	success	NA
TANGO2_ROV16_3_037.png	TANGO2_ROV16_t3	21919858	10.5281/zenodo.21919858	https://doi.org/10.5281/zenodo.21919858	https://zenodo.org/api/records/21919858/files/TANGO2_ROV16_3_037.png/content	2026-08-13 15:32:09.439442	success	NA
TANGO2_ROV16_3_047.png	TANGO2_ROV16_t3	21919862	10.5281/zenodo.21919862	https://doi.org/10.5281/zenodo.21919862	https://zenodo.org/api/records/21919862/files/TANGO2_ROV16_3_047.png/content	2026-08-13 15:32:15.946445	success	NA
TANGO2_ROV16_3_055.png	TANGO2_ROV16_t3	21919866	10.5281/zenodo.21919866	https://doi.org/10.5281/zenodo.21919866	https://zenodo.org/api/records/21919866/files/TANGO2_ROV16_3_055.png/content	2026-08-13 15:32:23.02	success	NA
TANGO2_ROV16_4_015.png	TANGO2_ROV16	21919869	10.5281/zenodo.21919869	https://doi.org/10.5281/zenodo.21919869	https://zenodo.org/api/records/21919869/files/TANGO2_ROV16_4_015.png/content	2026-08-13 15:32:30.637454	success	NA
TANGO2_ROV16_5_055.png	TANGO2_ROV16	21919877	10.5281/zenodo.21919877	https://doi.org/10.5281/zenodo.21919877	https://zenodo.org/api/records/21919877/files/TANGO2_ROV16_5_055.png/content	2026-08-13 15:32:36.67362	success	NA
TANGO2_ROV16_5_066.png	TANGO2_ROV16	21919879	10.5281/zenodo.21919879	https://doi.org/10.5281/zenodo.21919879	https://zenodo.org/api/records/21919879/files/TANGO2_ROV16_5_066.png/content	2026-08-13 15:32:41.18607	success	NA
TANGO2_ROV16_6_004.png	TANGO2_ROV16	21919881	10.5281/zenodo.21919881	https://doi.org/10.5281/zenodo.21919881	https://zenodo.org/api/records/21919881/files/TANGO2_ROV16_6_004.png/content	2026-08-13 15:32:46.510169	success	NA
TANGO2_ROV16_6_015.png	TANGO2_ROV16	NA	NA	NA	NA	2026-08-13 15:32:48.277698	failed	`path` must be a single string, not a character `NA`.
TANGO2_ROV16_6_029.png	TANGO2_ROV16	NA	NA	NA	NA	2026-08-13 15:32:49.589055	failed	`path` must be a single string, not a character `NA`.
TANGO2_ROV16_6_040.png	TANGO2_ROV16	21919888	10.5281/zenodo.21919888	https://doi.org/10.5281/zenodo.21919888	https://zenodo.org/api/records/21919888/files/TANGO2_ROV16_6_040.png/content	2026-08-13 15:32:56.39869	success	NA
TANGO2_ROV16_6_049.png	TANGO2_ROV16	21919890	10.5281/zenodo.21919890	https://doi.org/10.5281/zenodo.21919890	https://zenodo.org/api/records/21919890/files/TANGO2_ROV16_6_049.png/content	2026-08-13 15:33:02.584875	success	NA
TANGO2_ROV16_6_055.png	TANGO2_ROV16	21919897	10.5281/zenodo.21919897	https://doi.org/10.5281/zenodo.21919897	https://zenodo.org/api/records/21919897/files/TANGO2_ROV16_6_055.png/content	2026-08-13 15:33:07.705021	success	NA
TANGO2_ROV17_1_045.png	TANGO2_ROV17_t1	21919900	10.5281/zenodo.21919900	https://doi.org/10.5281/zenodo.21919900	https://zenodo.org/api/records/21919900/files/TANGO2_ROV17_1_045.png/content	2026-08-13 15:33:11.874891	success	NA
TANGO2_ROV17_1_050.png	TANGO2_ROV17_t1	21919904	10.5281/zenodo.21919904	https://doi.org/10.5281/zenodo.21919904	https://zenodo.org/api/records/21919904/files/TANGO2_ROV17_1_050.png/content	2026-08-13 15:33:17.434476	success	NA
TANGO2_ROV17_1_060.png	TANGO2_ROV17_t1	21919908	10.5281/zenodo.21919908	https://doi.org/10.5281/zenodo.21919908	https://zenodo.org/api/records/21919908/files/TANGO2_ROV17_1_060.png/content	2026-08-13 15:33:22.042596	success	NA
TANGO2_ROV17_1_065.png	TANGO2_ROV17_t1	21919910	10.5281/zenodo.21919910	https://doi.org/10.5281/zenodo.21919910	https://zenodo.org/api/records/21919910/files/TANGO2_ROV17_1_065.png/content	2026-08-13 15:33:26.569562	success	NA
TANGO2_ROV17_1_069.png	TANGO2_ROV17_t1	21919912	10.5281/zenodo.21919912	https://doi.org/10.5281/zenodo.21919912	https://zenodo.org/api/records/21919912/files/TANGO2_ROV17_1_069.png/content	2026-08-13 15:33:34.125173	success	NA
TANGO2_ROV17_2_021.png	TANGO2_ROV17	21919919	10.5281/zenodo.21919919	https://doi.org/10.5281/zenodo.21919919	https://zenodo.org/api/records/21919919/files/TANGO2_ROV17_2_021.png/content	2026-08-13 15:33:40.576662	success	NA
TANGO2_ROV17_2_033.png	TANGO2_ROV17	21919921	10.5281/zenodo.21919921	https://doi.org/10.5281/zenodo.21919921	https://zenodo.org/api/records/21919921/files/TANGO2_ROV17_2_033.png/content	2026-08-13 15:33:47.024069	success	NA
TANGO2_ROV17_2_043.png	TANGO2_ROV17	21919926	10.5281/zenodo.21919926	https://doi.org/10.5281/zenodo.21919926	https://zenodo.org/api/records/21919926/files/TANGO2_ROV17_2_043.png/content	2026-08-13 15:33:52.03008	success	NA
TANGO2_ROV17_2_056.png	TANGO2_ROV17	21919932	10.5281/zenodo.21919932	https://doi.org/10.5281/zenodo.21919932	https://zenodo.org/api/records/21919932/files/TANGO2_ROV17_2_056.png/content	2026-08-13 15:33:56.194571	success	NA
TANGO2_ROV17_2_064.png	TANGO2_ROV17	21919935	10.5281/zenodo.21919935	https://doi.org/10.5281/zenodo.21919935	https://zenodo.org/api/records/21919935/files/TANGO2_ROV17_2_064.png/content	2026-08-13 15:34:01.019812	success	NA
TANGO2_ROV18_1_055.png	TANGO2_ROV18	21919937	10.5281/zenodo.21919937	https://doi.org/10.5281/zenodo.21919937	https://zenodo.org/api/records/21919937/files/TANGO2_ROV18_1_055.png/content	2026-08-13 15:34:06.685604	success	NA
TANGO2_ROV18_1_068.png	TANGO2_ROV18	21919941	10.5281/zenodo.21919941	https://doi.org/10.5281/zenodo.21919941	https://zenodo.org/api/records/21919941/files/TANGO2_ROV18_1_068.png/content	2026-08-13 15:34:12.221459	success	NA
TANGO2_ROV18_2_029.png	TANGO2_ROV18	21919944	10.5281/zenodo.21919944	https://doi.org/10.5281/zenodo.21919944	https://zenodo.org/api/records/21919944/files/TANGO2_ROV18_2_029.png/content	2026-08-13 15:34:18.364232	success	NA
TANGO2_ROV18_2_043.png	TANGO2_ROV18	21919950	10.5281/zenodo.21919950	https://doi.org/10.5281/zenodo.21919950	https://zenodo.org/api/records/21919950/files/TANGO2_ROV18_2_043.png/content	2026-08-13 15:34:22.662636	success	NA
TANGO2_ROV18_2_048.png	TANGO2_ROV18	21919952	10.5281/zenodo.21919952	https://doi.org/10.5281/zenodo.21919952	https://zenodo.org/api/records/21919952/files/TANGO2_ROV18_2_048.png/content	2026-08-13 15:34:28.092543	success	NA
TANGO2_ROV18_2_054.png	TANGO2_ROV18	21919954	10.5281/zenodo.21919954	https://doi.org/10.5281/zenodo.21919954	https://zenodo.org/api/records/21919954/files/TANGO2_ROV18_2_054.png/content	2026-08-13 15:34:33.722574	success	NA
TANGO2_ROV19_1_036.png	TANGO2_ROV19	21919959	10.5281/zenodo.21919959	https://doi.org/10.5281/zenodo.21919959	https://zenodo.org/api/records/21919959/files/TANGO2_ROV19_1_036.png/content	2026-08-13 15:34:37.481463	success	NA
TANGO2_ROV19_1_045.png	TANGO2_ROV19	21919961	10.5281/zenodo.21919961	https://doi.org/10.5281/zenodo.21919961	https://zenodo.org/api/records/21919961/files/TANGO2_ROV19_1_045.png/content	2026-08-13 15:34:42.387316	success	NA
TANGO2_ROV19_1_054.png	TANGO2_ROV19	21919963	10.5281/zenodo.21919963	https://doi.org/10.5281/zenodo.21919963	https://zenodo.org/api/records/21919963/files/TANGO2_ROV19_1_054.png/content	2026-08-13 15:34:46.502853	success	NA
TANGO2_ROV19_1_064.png	TANGO2_ROV19	21919965	10.5281/zenodo.21919965	https://doi.org/10.5281/zenodo.21919965	https://zenodo.org/api/records/21919965/files/TANGO2_ROV19_1_064.png/content	2026-08-13 15:34:50.144339	success	NA
TANGO2_ROV19_2_001.png	TANGO2_ROV19	21919969	10.5281/zenodo.21919969	https://doi.org/10.5281/zenodo.21919969	https://zenodo.org/api/records/21919969/files/TANGO2_ROV19_2_001.png/content	2026-08-13 15:34:55.329139	success	NA
TANGO2_ROV19_2_012.png	TANGO2_ROV19	21919973	10.5281/zenodo.21919973	https://doi.org/10.5281/zenodo.21919973	https://zenodo.org/api/records/21919973/files/TANGO2_ROV19_2_012.png/content	2026-08-13 15:35:01.601447	success	NA
TANGO2_ROV19_2_022.png	TANGO2_ROV19	21919976	10.5281/zenodo.21919976	https://doi.org/10.5281/zenodo.21919976	https://zenodo.org/api/records/21919976/files/TANGO2_ROV19_2_022.png/content	2026-08-13 15:35:07.192803	success	NA
TANGO2_ROV19_2_035.png	TANGO2_ROV19	21919978	10.5281/zenodo.21919978	https://doi.org/10.5281/zenodo.21919978	https://zenodo.org/api/records/21919978/files/TANGO2_ROV19_2_035.png/content	2026-08-13 15:35:14.479009	success	NA
TANGO2_ROV19_2_046.png	TANGO2_ROV19	21919980	10.5281/zenodo.21919980	https://doi.org/10.5281/zenodo.21919980	https://zenodo.org/api/records/21919980/files/TANGO2_ROV19_2_046.png/content	2026-08-13 15:35:20.417154	success	NA
TANGO2_ROV19_3_027.png	TANGO2_ROV19_t1	21919984	10.5281/zenodo.21919984	https://doi.org/10.5281/zenodo.21919984	https://zenodo.org/api/records/21919984/files/TANGO2_ROV19_3_027.png/content	2026-08-13 15:35:24.309773	success	NA
TANGO2_ROV19_3_038.png	TANGO2_ROV19_t1	21919986	10.5281/zenodo.21919986	https://doi.org/10.5281/zenodo.21919986	https://zenodo.org/api/records/21919986/files/TANGO2_ROV19_3_038.png/content	2026-08-13 15:35:28.6803	success	NA
TANGO2_ROV19_3_043.png	TANGO2_ROV19_t1	21919988	10.5281/zenodo.21919988	https://doi.org/10.5281/zenodo.21919988	https://zenodo.org/api/records/21919988/files/TANGO2_ROV19_3_043.png/content	2026-08-13 15:35:34.037027	success	NA
TANGO2_ROV19_3_062.png	TANGO2_ROV19_t1	21919990	10.5281/zenodo.21919990	https://doi.org/10.5281/zenodo.21919990	https://zenodo.org/api/records/21919990/files/TANGO2_ROV19_3_062.png/content	2026-08-13 15:35:39.769986	success	NA
TANGO2_ROV19_4_002.png	TANGO2_ROV19_t2	21919995	10.5281/zenodo.21919995	https://doi.org/10.5281/zenodo.21919995	https://zenodo.org/api/records/21919995/files/TANGO2_ROV19_4_002.png/content	2026-08-13 15:35:46.079833	success	NA
TANGO2_ROV19_4_023.png	TANGO2_ROV19_t2	21919999	10.5281/zenodo.21919999	https://doi.org/10.5281/zenodo.21919999	https://zenodo.org/api/records/21919999/files/TANGO2_ROV19_4_023.png/content	2026-08-13 15:35:50.725598	success	NA
TANGO2_ROV19_4_033.png	TANGO2_ROV19_t2	21920003	10.5281/zenodo.21920003	https://doi.org/10.5281/zenodo.21920003	https://zenodo.org/api/records/21920003/files/TANGO2_ROV19_4_033.png/content	2026-08-13 15:35:56.669606	success	NA
TANGO2_ROV20_2_072.png	TANGO2_ROV20_t2	21920005	10.5281/zenodo.21920005	https://doi.org/10.5281/zenodo.21920005	https://zenodo.org/api/records/21920005/files/TANGO2_ROV20_2_072.png/content	2026-08-13 15:36:04.656701	success	NA
TANGO2_ROV20_3_005.png	TANGO2_ROV20_t3	21920015	10.5281/zenodo.21920015	https://doi.org/10.5281/zenodo.21920015	https://zenodo.org/api/records/21920015/files/TANGO2_ROV20_3_005.png/content	2026-08-13 15:36:11.001484	success	NA
TANGO2_ROV20_3_009.png	TANGO2_ROV20_t3	21920018	10.5281/zenodo.21920018	https://doi.org/10.5281/zenodo.21920018	https://zenodo.org/api/records/21920018/files/TANGO2_ROV20_3_009.png/content	2026-08-13 15:36:16.867612	success	NA
TANGO2_ROV20_3_013.png	TANGO2_ROV20_t3	21920022	10.5281/zenodo.21920022	https://doi.org/10.5281/zenodo.21920022	https://zenodo.org/api/records/21920022/files/TANGO2_ROV20_3_013.png/content	2026-08-13 15:36:22.684728	success	NA
TANGO2_ROV20_5_017.png	TANGO2_ROV20	21920024	10.5281/zenodo.21920024	https://doi.org/10.5281/zenodo.21920024	https://zenodo.org/api/records/21920024/files/TANGO2_ROV20_5_017.png/content	2026-08-13 15:36:27.289145	success	NA
TANGO2_ROV20_5_026.png	TANGO2_ROV20	21920026	10.5281/zenodo.21920026	https://doi.org/10.5281/zenodo.21920026	https://zenodo.org/api/records/21920026/files/TANGO2_ROV20_5_026.png/content	2026-08-13 15:36:32.10143	success	NA
TANGO2_ROV20_5_037.png	TANGO2_ROV20	21920028	10.5281/zenodo.21920028	https://doi.org/10.5281/zenodo.21920028	https://zenodo.org/api/records/21920028/files/TANGO2_ROV20_5_037.png/content	2026-08-13 15:36:36.805701	success	NA
TANGO2_ROV20_5_046.png	TANGO2_ROV20	21920030	10.5281/zenodo.21920030	https://doi.org/10.5281/zenodo.21920030	https://zenodo.org/api/records/21920030/files/TANGO2_ROV20_5_046.png/content	2026-08-13 15:36:41.40158	success	NA
TANGO2_ROV20_5_056.png	TANGO2_ROV20	21920032	10.5281/zenodo.21920032	https://doi.org/10.5281/zenodo.21920032	https://zenodo.org/api/records/21920032/files/TANGO2_ROV20_5_056.png/content	2026-08-13 15:36:45.548611	success	NA
TANGO2_ROV20_5_066.png	TANGO2_ROV20	21920036	10.5281/zenodo.21920036	https://doi.org/10.5281/zenodo.21920036	https://zenodo.org/api/records/21920036/files/TANGO2_ROV20_5_066.png/content	2026-08-13 15:36:51.686954	success	NA
TANGO2_ROV20_6_003.png	TANGO2_ROV20	21920042	10.5281/zenodo.21920042	https://doi.org/10.5281/zenodo.21920042	https://zenodo.org/api/records/21920042/files/TANGO2_ROV20_6_003.png/content	2026-08-13 15:36:57.59368	success	NA
TANGO2_ROV20_6_014.png	TANGO2_ROV20	21920045	10.5281/zenodo.21920045	https://doi.org/10.5281/zenodo.21920045	https://zenodo.org/api/records/21920045/files/TANGO2_ROV20_6_014.png/content	2026-08-13 15:37:03.430972	success	NA
TANGO2_ROV20_7_048.png	TANGO2_ROV20	21920047	10.5281/zenodo.21920047	https://doi.org/10.5281/zenodo.21920047	https://zenodo.org/api/records/21920047/files/TANGO2_ROV20_7_048.png/content	2026-08-13 15:37:08.246005	success	NA
TANGO2_ROV20_7_060.png	TANGO2_ROV20	21920049	10.5281/zenodo.21920049	https://doi.org/10.5281/zenodo.21920049	https://zenodo.org/api/records/21920049/files/TANGO2_ROV20_7_060.png/content	2026-08-13 15:37:13.224031	success	NA
TANGO2_ROV20_8_006.png	TANGO2_ROV20	21920051	10.5281/zenodo.21920051	https://doi.org/10.5281/zenodo.21920051	https://zenodo.org/api/records/21920051/files/TANGO2_ROV20_8_006.png/content	2026-08-13 15:37:17.758417	success	NA
TANGO2_ROV20_8_017.png	TANGO2_ROV20	21920053	10.5281/zenodo.21920053	https://doi.org/10.5281/zenodo.21920053	https://zenodo.org/api/records/21920053/files/TANGO2_ROV20_8_017.png/content	2026-08-13 15:37:23.294941	success	NA
TANGO2_ROV20_8_036.png	TANGO2_ROV20	21920055	10.5281/zenodo.21920055	https://doi.org/10.5281/zenodo.21920055	https://zenodo.org/api/records/21920055/files/TANGO2_ROV20_8_036.png/content	2026-08-13 15:37:29.359375	success	NA
TANGO2_ROV20_t4_1_029.png	TANGO2_ROV20	21920059	10.5281/zenodo.21920059	https://doi.org/10.5281/zenodo.21920059	https://zenodo.org/api/records/21920059/files/TANGO2_ROV20_t4_1_029.png/content	2026-08-13 15:37:35.358495	success	NA
TANGO2_ROV20_t4_1_038.png	TANGO2_ROV20	21920062	10.5281/zenodo.21920062	https://doi.org/10.5281/zenodo.21920062	https://zenodo.org/api/records/21920062/files/TANGO2_ROV20_t4_1_038.png/content	2026-08-13 15:37:39.71032	success	NA
TANGO2_ROV20_t4_1_053.png	TANGO2_ROV20	21920064	10.5281/zenodo.21920064	https://doi.org/10.5281/zenodo.21920064	https://zenodo.org/api/records/21920064/files/TANGO2_ROV20_t4_1_053.png/content	2026-08-13 15:37:45.014479	success	NA
TANGO2_ROV20_t4_1_063.png	TANGO2_ROV20	21920068	10.5281/zenodo.21920068	https://doi.org/10.5281/zenodo.21920068	https://zenodo.org/api/records/21920068/files/TANGO2_ROV20_t4_1_063.png/content	2026-08-13 15:37:51.607796	success	NA
TANGO2_ROV20_t4_1_073.png	TANGO2_ROV20	21920070	10.5281/zenodo.21920070	https://doi.org/10.5281/zenodo.21920070	https://zenodo.org/api/records/21920070/files/TANGO2_ROV20_t4_1_073.png/content	2026-08-13 15:37:58.525545	success	NA
TANGO2_ROV20_t4_2_012.png	TANGO2_ROV20	21920072	10.5281/zenodo.21920072	https://doi.org/10.5281/zenodo.21920072	https://zenodo.org/api/records/21920072/files/TANGO2_ROV20_t4_2_012.png/content	2026-08-13 15:38:05.079744	success	NA
TANGO2_ROV21_1_050.png	TANGO2_ROV21_t1	21920076	10.5281/zenodo.21920076	https://doi.org/10.5281/zenodo.21920076	https://zenodo.org/api/records/21920076/files/TANGO2_ROV21_1_050.png/content	2026-08-13 15:38:10.401457	success	NA
TANGO2_ROV21_1_054.png	TANGO2_ROV21_t1	21920080	10.5281/zenodo.21920080	https://doi.org/10.5281/zenodo.21920080	https://zenodo.org/api/records/21920080/files/TANGO2_ROV21_1_054.png/content	2026-08-13 15:38:18.082281	success	NA
TANGO2_ROV21_1_065.png	TANGO2_ROV21_t1	21920083	10.5281/zenodo.21920083	https://doi.org/10.5281/zenodo.21920083	https://zenodo.org/api/records/21920083/files/TANGO2_ROV21_1_065.png/content	2026-08-13 15:38:25.251514	success	NA
TANGO2_ROV21_1_068.png	TANGO2_ROV21_t1	21920088	10.5281/zenodo.21920088	https://doi.org/10.5281/zenodo.21920088	https://zenodo.org/api/records/21920088/files/TANGO2_ROV21_1_068.png/content	2026-08-13 15:38:34.057052	success	NA
TANGO2_ROV21_1_069.png	TANGO2_ROV21_t1	21920090	10.5281/zenodo.21920090	https://doi.org/10.5281/zenodo.21920090	https://zenodo.org/api/records/21920090/files/TANGO2_ROV21_1_069.png/content	2026-08-13 15:38:39.828368	success	NA
TANGO2_ROV21_1_073.png	TANGO2_ROV21_t1	21920092	10.5281/zenodo.21920092	https://doi.org/10.5281/zenodo.21920092	https://zenodo.org/api/records/21920092/files/TANGO2_ROV21_1_073.png/content	2026-08-13 15:38:48.084678	success	NA
TANGO2_ROV21_2_005.png	TANGO2_ROV21_t2	21920098	10.5281/zenodo.21920098	https://doi.org/10.5281/zenodo.21920098	https://zenodo.org/api/records/21920098/files/TANGO2_ROV21_2_005.png/content	2026-08-13 15:38:54.682879	success	NA
TANGO2_ROV21_2_014.png	TANGO2_ROV21_t2	21920100	10.5281/zenodo.21920100	https://doi.org/10.5281/zenodo.21920100	https://zenodo.org/api/records/21920100/files/TANGO2_ROV21_2_014.png/content	2026-08-13 15:39:00.653269	success	NA
TANGO2_ROV21_2_030.png	TANGO2_ROV21_t2	21920102	10.5281/zenodo.21920102	https://doi.org/10.5281/zenodo.21920102	https://zenodo.org/api/records/21920102/files/TANGO2_ROV21_2_030.png/content	2026-08-13 15:39:09.387991	success	NA
TANGO2_ROV21_4_024.png	TANGO2_ROV21	21920104	10.5281/zenodo.21920104	https://doi.org/10.5281/zenodo.21920104	https://zenodo.org/api/records/21920104/files/TANGO2_ROV21_4_024.png/content	2026-08-13 15:39:15.22258	success	NA
TANGO2_ROV21_4_034.png	TANGO2_ROV21	21920108	10.5281/zenodo.21920108	https://doi.org/10.5281/zenodo.21920108	https://zenodo.org/api/records/21920108/files/TANGO2_ROV21_4_034.png/content	2026-08-13 15:39:20.856674	success	NA
TANGO2_ROV21_4_060.png	TANGO2_ROV21	21920110	10.5281/zenodo.21920110	https://doi.org/10.5281/zenodo.21920110	https://zenodo.org/api/records/21920110/files/TANGO2_ROV21_4_060.png/content	2026-08-13 15:39:27.205731	success	NA
TANGO2_ROV21_5_068.png	TANGO2_ROV21	21920112	10.5281/zenodo.21920112	https://doi.org/10.5281/zenodo.21920112	https://zenodo.org/api/records/21920112/files/TANGO2_ROV21_5_068.png/content	2026-08-13 15:39:35.19112	success	NA
TANGO2_ROV21_6_006.png	TANGO2_ROV21	21920114	10.5281/zenodo.21920114	https://doi.org/10.5281/zenodo.21920114	https://zenodo.org/api/records/21920114/files/TANGO2_ROV21_6_006.png/content	2026-08-13 15:39:40.380766	success	NA
TANGO2_ROV21_6_012.png	TANGO2_ROV21	21920120	10.5281/zenodo.21920120	https://doi.org/10.5281/zenodo.21920120	https://zenodo.org/api/records/21920120/files/TANGO2_ROV21_6_012.png/content	2026-08-13 15:39:48.092334	success	NA
TANGO2_ROV21_6_016.png	TANGO2_ROV21	21920122	10.5281/zenodo.21920122	https://doi.org/10.5281/zenodo.21920122	https://zenodo.org/api/records/21920122/files/TANGO2_ROV21_6_016.png/content	2026-08-13 15:39:52.711164	success	NA
TANGO2_ROV21_6_020.png	TANGO2_ROV21	21920126	10.5281/zenodo.21920126	https://doi.org/10.5281/zenodo.21920126	https://zenodo.org/api/records/21920126/files/TANGO2_ROV21_6_020.png/content	2026-08-13 15:39:59.575523	success	NA
TANGO2_ROV21_6_023.png	TANGO2_ROV21	21920128	10.5281/zenodo.21920128	https://doi.org/10.5281/zenodo.21920128	https://zenodo.org/api/records/21920128/files/TANGO2_ROV21_6_023.png/content	2026-08-13 15:40:05.637642	success	NA
TANGO2_ROV21_6_028.png	TANGO2_ROV21	21920132	10.5281/zenodo.21920132	https://doi.org/10.5281/zenodo.21920132	https://zenodo.org/api/records/21920132/files/TANGO2_ROV21_6_028.png/content	2026-08-13 15:40:12.037432	success	NA
TANGO2_ROV21_6_035.png	TANGO2_ROV21	21920134	10.5281/zenodo.21920134	https://doi.org/10.5281/zenodo.21920134	https://zenodo.org/api/records/21920134/files/TANGO2_ROV21_6_035.png/content	2026-08-13 15:40:19.019515	success	NA
TANGO2_ROV21_6_043.png	TANGO2_ROV21	21920136	10.5281/zenodo.21920136	https://doi.org/10.5281/zenodo.21920136	https://zenodo.org/api/records/21920136/files/TANGO2_ROV21_6_043.png/content	2026-08-13 15:40:24.309345	success	NA
TANGO2_ROV21_6_049.png	TANGO2_ROV21	21920139	10.5281/zenodo.21920139	https://doi.org/10.5281/zenodo.21920139	https://zenodo.org/api/records/21920139/files/TANGO2_ROV21_6_049.png/content	2026-08-13 15:40:33.099646	success	NA
TANGO2_ROV21_6_055.png	TANGO2_ROV21	21920142	10.5281/zenodo.21920142	https://doi.org/10.5281/zenodo.21920142	https://zenodo.org/api/records/21920142/files/TANGO2_ROV21_6_055.png/content	2026-08-13 15:40:40.353069	success	NA
TANGO2_ROV21_6_060.png	TANGO2_ROV21	21920144	10.5281/zenodo.21920144	https://doi.org/10.5281/zenodo.21920144	https://zenodo.org/api/records/21920144/files/TANGO2_ROV21_6_060.png/content	2026-08-13 15:40:47.694444	success	NA
TANGO2_ROV21_6_063.png	TANGO2_ROV21	21920149	10.5281/zenodo.21920149	https://doi.org/10.5281/zenodo.21920149	https://zenodo.org/api/records/21920149/files/TANGO2_ROV21_6_063.png/content	2026-08-13 15:40:53.531674	success	NA
TANGO2_ROV4_1_018.png	TANGO2_ROV4_t1	21920154	10.5281/zenodo.21920154	https://doi.org/10.5281/zenodo.21920154	https://zenodo.org/api/records/21920154/files/TANGO2_ROV4_1_018.png/content	2026-08-13 15:40:58.545263	success	NA
TANGO2_ROV4_1_020.png	TANGO2_ROV4_t1	21920158	10.5281/zenodo.21920158	https://doi.org/10.5281/zenodo.21920158	https://zenodo.org/api/records/21920158/files/TANGO2_ROV4_1_020.png/content	2026-08-13 15:41:04.176119	success	NA
TANGO2_ROV4_1_023.png	TANGO2_ROV4_t1	21920161	10.5281/zenodo.21920161	https://doi.org/10.5281/zenodo.21920161	https://zenodo.org/api/records/21920161/files/TANGO2_ROV4_1_023.png/content	2026-08-13 15:41:10.627148	success	NA
TANGO2_ROV4_1_025.png	TANGO2_ROV4_t1	21920167	10.5281/zenodo.21920167	https://doi.org/10.5281/zenodo.21920167	https://zenodo.org/api/records/21920167/files/TANGO2_ROV4_1_025.png/content	2026-08-13 15:41:16.569686	success	NA
TANGO2_ROV4_1_026.png	TANGO2_ROV4_t1	21920169	10.5281/zenodo.21920169	https://doi.org/10.5281/zenodo.21920169	https://zenodo.org/api/records/21920169/files/TANGO2_ROV4_1_026.png/content	2026-08-13 15:41:22.099622	success	NA
TANGO2_ROV4_1_028.png	TANGO2_ROV4_t1	21920173	10.5281/zenodo.21920173	https://doi.org/10.5281/zenodo.21920173	https://zenodo.org/api/records/21920173/files/TANGO2_ROV4_1_028.png/content	2026-08-13 15:41:25.991104	success	NA
TANGO2_ROV4_1_029.png	TANGO2_ROV4_t1	21920177	10.5281/zenodo.21920177	https://doi.org/10.5281/zenodo.21920177	https://zenodo.org/api/records/21920177/files/TANGO2_ROV4_1_029.png/content	2026-08-13 15:41:30.487202	success	NA
TANGO2_ROV4_1_030.png	TANGO2_ROV4_t1	21920181	10.5281/zenodo.21920181	https://doi.org/10.5281/zenodo.21920181	https://zenodo.org/api/records/21920181/files/TANGO2_ROV4_1_030.png/content	2026-08-13 15:41:35.311967	success	NA
TANGO2_ROV4_1_031.png	TANGO2_ROV4_t1	21920184	10.5281/zenodo.21920184	https://doi.org/10.5281/zenodo.21920184	https://zenodo.org/api/records/21920184/files/TANGO2_ROV4_1_031.png/content	2026-08-13 15:41:40.835813	success	NA
TANGO2_ROV4_1_032.png	TANGO2_ROV4_t1	21920186	10.5281/zenodo.21920186	https://doi.org/10.5281/zenodo.21920186	https://zenodo.org/api/records/21920186/files/TANGO2_ROV4_1_032.png/content	2026-08-13 15:41:46.88152	success	NA
TANGO2_ROV4_1_033.png	TANGO2_ROV4_t1	21920188	10.5281/zenodo.21920188	https://doi.org/10.5281/zenodo.21920188	https://zenodo.org/api/records/21920188/files/TANGO2_ROV4_1_033.png/content	2026-08-13 15:41:54.048014	success	NA
TANGO2_ROV4_1_035.png	TANGO2_ROV4_t1	21920192	10.5281/zenodo.21920192	https://doi.org/10.5281/zenodo.21920192	https://zenodo.org/api/records/21920192/files/TANGO2_ROV4_1_035.png/content	2026-08-13 15:42:00.724797	success	NA
TANGO2_ROV4_1_036.png	TANGO2_ROV4_t1	21920194	10.5281/zenodo.21920194	https://doi.org/10.5281/zenodo.21920194	https://zenodo.org/api/records/21920194/files/TANGO2_ROV4_1_036.png/content	2026-08-13 15:42:07.256872	success	NA
TANGO2_ROV4_1_037.png	TANGO2_ROV4_t1	21920199	10.5281/zenodo.21920199	https://doi.org/10.5281/zenodo.21920199	https://zenodo.org/api/records/21920199/files/TANGO2_ROV4_1_037.png/content	2026-08-13 15:42:12.175658	success	NA
TANGO2_ROV4_1_038.png	TANGO2_ROV4_t1	21920205	10.5281/zenodo.21920205	https://doi.org/10.5281/zenodo.21920205	https://zenodo.org/api/records/21920205/files/TANGO2_ROV4_1_038.png/content	2026-08-13 15:42:18.319934	success	NA
TANGO2_ROV4_1_039.png	TANGO2_ROV4_t1	21920207	10.5281/zenodo.21920207	https://doi.org/10.5281/zenodo.21920207	https://zenodo.org/api/records/21920207/files/TANGO2_ROV4_1_039.png/content	2026-08-13 15:42:23.536882	success	NA
TANGO2_ROV4_1_041.png	TANGO2_ROV4_t1	21920209	10.5281/zenodo.21920209	https://doi.org/10.5281/zenodo.21920209	https://zenodo.org/api/records/21920209/files/TANGO2_ROV4_1_041.png/content	2026-08-13 15:42:29.992485	success	NA
TANGO2_ROV4_1_042.png	TANGO2_ROV4_t1	21920211	10.5281/zenodo.21920211	https://doi.org/10.5281/zenodo.21920211	https://zenodo.org/api/records/21920211/files/TANGO2_ROV4_1_042.png/content	2026-08-13 15:42:36.239428	success	NA
TANGO2_ROV4_1_043.png	TANGO2_ROV4_t1	21920213	10.5281/zenodo.21920213	https://doi.org/10.5281/zenodo.21920213	https://zenodo.org/api/records/21920213/files/TANGO2_ROV4_1_043.png/content	2026-08-13 15:42:42.690223	success	NA
TANGO2_ROV4_1_045.png	TANGO2_ROV4_t1	21920216	10.5281/zenodo.21920216	https://doi.org/10.5281/zenodo.21920216	https://zenodo.org/api/records/21920216/files/TANGO2_ROV4_1_045.png/content	2026-08-13 15:42:47.299576	success	NA
TANGO2_ROV4_1_049.png	TANGO2_ROV4_t1	21920218	10.5281/zenodo.21920218	https://doi.org/10.5281/zenodo.21920218	https://zenodo.org/api/records/21920218/files/TANGO2_ROV4_1_049.png/content	2026-08-13 15:42:52.735113	success	NA
TANGO2_ROV4_1_050.png	TANGO2_ROV4_t1	21920222	10.5281/zenodo.21920222	https://doi.org/10.5281/zenodo.21920222	https://zenodo.org/api/records/21920222/files/TANGO2_ROV4_1_050.png/content	2026-08-13 15:42:58.253136	success	NA
TANGO2_ROV4_1_052.png	TANGO2_ROV4_t1	21920224	10.5281/zenodo.21920224	https://doi.org/10.5281/zenodo.21920224	https://zenodo.org/api/records/21920224/files/TANGO2_ROV4_1_052.png/content	2026-08-13 15:43:03.580208	success	NA
TANGO2_ROV4_1_055.png	TANGO2_ROV4_t1	21920228	10.5281/zenodo.21920228	https://doi.org/10.5281/zenodo.21920228	https://zenodo.org/api/records/21920228/files/TANGO2_ROV4_1_055.png/content	2026-08-13 15:43:10.337443	success	NA
TANGO2_ROV4_1_057.png	TANGO2_ROV4_t1	21920232	10.5281/zenodo.21920232	https://doi.org/10.5281/zenodo.21920232	https://zenodo.org/api/records/21920232/files/TANGO2_ROV4_1_057.png/content	2026-08-13 15:43:17.556957	success	NA
TANGO2_ROV4_1_058.png	TANGO2_ROV4_t1	21920236	10.5281/zenodo.21920236	https://doi.org/10.5281/zenodo.21920236	https://zenodo.org/api/records/21920236/files/TANGO2_ROV4_1_058.png/content	2026-08-13 15:43:22.125191	success	NA
TANGO2_ROV4_1_059.png	TANGO2_ROV4_t1	21920240	10.5281/zenodo.21920240	https://doi.org/10.5281/zenodo.21920240	https://zenodo.org/api/records/21920240/files/TANGO2_ROV4_1_059.png/content	2026-08-13 15:43:26.559687	success	NA
TANGO2_ROV4_1_062.png	TANGO2_ROV4_t1	21920244	10.5281/zenodo.21920244	https://doi.org/10.5281/zenodo.21920244	https://zenodo.org/api/records/21920244/files/TANGO2_ROV4_1_062.png/content	2026-08-13 15:43:31.43395	success	NA
TANGO2_ROV4_1_066.png	TANGO2_ROV4_t1	21920246	10.5281/zenodo.21920246	https://doi.org/10.5281/zenodo.21920246	https://zenodo.org/api/records/21920246/files/TANGO2_ROV4_1_066.png/content	2026-08-13 15:43:37.980052	success	NA
TANGO2_ROV4_1_067.png	TANGO2_ROV4_t1	21920248	10.5281/zenodo.21920248	https://doi.org/10.5281/zenodo.21920248	https://zenodo.org/api/records/21920248/files/TANGO2_ROV4_1_067.png/content	2026-08-13 15:43:43.925597	success	NA
TANGO2_ROV4_2_019.png	TANGO2_ROV4	21920252	10.5281/zenodo.21920252	https://doi.org/10.5281/zenodo.21920252	https://zenodo.org/api/records/21920252/files/TANGO2_ROV4_2_019.png/content	2026-08-13 15:43:49.968904	success	NA
TANGO2_ROV4_2_022.png	TANGO2_ROV4	21920256	10.5281/zenodo.21920256	https://doi.org/10.5281/zenodo.21920256	https://zenodo.org/api/records/21920256/files/TANGO2_ROV4_2_022.png/content	2026-08-13 15:43:56.036499	success	NA
TANGO2_ROV4_2_025.png	TANGO2_ROV4	21920258	10.5281/zenodo.21920258	https://doi.org/10.5281/zenodo.21920258	https://zenodo.org/api/records/21920258/files/TANGO2_ROV4_2_025.png/content	2026-08-13 15:44:01.635603	success	NA
TANGO2_ROV4_2_026.png	TANGO2_ROV4	21920260	10.5281/zenodo.21920260	https://doi.org/10.5281/zenodo.21920260	https://zenodo.org/api/records/21920260/files/TANGO2_ROV4_2_026.png/content	2026-08-13 15:44:07.069412	success	NA
TANGO2_ROV4_2_028.png	TANGO2_ROV4	21920263	10.5281/zenodo.21920263	https://doi.org/10.5281/zenodo.21920263	https://zenodo.org/api/records/21920263/files/TANGO2_ROV4_2_028.png/content	2026-08-13 15:44:13.209415	success	NA
TANGO2_ROV4_2_029.png	TANGO2_ROV4	21920268	10.5281/zenodo.21920268	https://doi.org/10.5281/zenodo.21920268	https://zenodo.org/api/records/21920268/files/TANGO2_ROV4_2_029.png/content	2026-08-13 15:44:18.229069	success	NA
TANGO2_ROV4_2_030.png	TANGO2_ROV4	21920270	10.5281/zenodo.21920270	https://doi.org/10.5281/zenodo.21920270	https://zenodo.org/api/records/21920270/files/TANGO2_ROV4_2_030.png/content	2026-08-13 15:44:24.486395	success	NA
TANGO2_ROV4_2_032.png	TANGO2_ROV4	21920273	10.5281/zenodo.21920273	https://doi.org/10.5281/zenodo.21920273	https://zenodo.org/api/records/21920273/files/TANGO2_ROV4_2_032.png/content	2026-08-13 15:44:31.516183	success	NA
TANGO2_ROV4_2_033.png	TANGO2_ROV4	21920281	10.5281/zenodo.21920281	https://doi.org/10.5281/zenodo.21920281	https://zenodo.org/api/records/21920281/files/TANGO2_ROV4_2_033.png/content	2026-08-13 15:44:38.340855	success	NA
TANGO2_ROV4_2_034.png	TANGO2_ROV4	21920283	10.5281/zenodo.21920283	https://doi.org/10.5281/zenodo.21920283	https://zenodo.org/api/records/21920283/files/TANGO2_ROV4_2_034.png/content	2026-08-13 15:44:44.342975	success	NA
TANGO2_ROV4_2_037.png	TANGO2_ROV4	21920285	10.5281/zenodo.21920285	https://doi.org/10.5281/zenodo.21920285	https://zenodo.org/api/records/21920285/files/TANGO2_ROV4_2_037.png/content	2026-08-13 15:44:50.352166	success	NA
TANGO2_ROV4_2_038.png	TANGO2_ROV4	21920287	10.5281/zenodo.21920287	https://doi.org/10.5281/zenodo.21920287	https://zenodo.org/api/records/21920287/files/TANGO2_ROV4_2_038.png/content	2026-08-13 15:44:56.528188	success	NA
TANGO2_ROV4_2_039.png	TANGO2_ROV4	21920289	10.5281/zenodo.21920289	https://doi.org/10.5281/zenodo.21920289	https://zenodo.org/api/records/21920289/files/TANGO2_ROV4_2_039.png/content	2026-08-13 15:45:01.850716	success	NA
TANGO2_ROV4_2_040.png	TANGO2_ROV4	21920291	10.5281/zenodo.21920291	https://doi.org/10.5281/zenodo.21920291	https://zenodo.org/api/records/21920291/files/TANGO2_ROV4_2_040.png/content	2026-08-13 15:45:06.869933	success	NA
TANGO2_ROV6_1_022.png	TANGO2_ROV6_t1	21920295	10.5281/zenodo.21920295	https://doi.org/10.5281/zenodo.21920295	https://zenodo.org/api/records/21920295/files/TANGO2_ROV6_1_022.png/content	2026-08-13 15:45:12.074814	success	NA
TANGO2_ROV6_1_023.png	TANGO2_ROV6_t1	21920298	10.5281/zenodo.21920298	https://doi.org/10.5281/zenodo.21920298	https://zenodo.org/api/records/21920298/files/TANGO2_ROV6_1_023.png/content	2026-08-13 15:45:18.544363	success	NA
TANGO2_ROV6_1_024.png	TANGO2_ROV6_t1	21920300	10.5281/zenodo.21920300	https://doi.org/10.5281/zenodo.21920300	https://zenodo.org/api/records/21920300/files/TANGO2_ROV6_1_024.png/content	2026-08-13 15:45:25.711073	success	NA
TANGO2_ROV6_1_025.png	TANGO2_ROV6_t1	21920302	10.5281/zenodo.21920302	https://doi.org/10.5281/zenodo.21920302	https://zenodo.org/api/records/21920302/files/TANGO2_ROV6_1_025.png/content	2026-08-13 15:45:32.776459	success	NA
TANGO2_ROV6_1_026.png	TANGO2_ROV6_t1	21920306	10.5281/zenodo.21920306	https://doi.org/10.5281/zenodo.21920306	https://zenodo.org/api/records/21920306/files/TANGO2_ROV6_1_026.png/content	2026-08-13 15:45:39.533711	success	NA
TANGO2_ROV6_1_027.png	TANGO2_ROV6_t1	21920311	10.5281/zenodo.21920311	https://doi.org/10.5281/zenodo.21920311	https://zenodo.org/api/records/21920311/files/TANGO2_ROV6_1_027.png/content	2026-08-13 15:45:45.068368	success	NA
TANGO2_ROV6_1_028.png	TANGO2_ROV6_t1	21920315	10.5281/zenodo.21920315	https://doi.org/10.5281/zenodo.21920315	https://zenodo.org/api/records/21920315/files/TANGO2_ROV6_1_028.png/content	2026-08-13 15:45:52.231716	success	NA
TANGO2_ROV6_1_029.png	TANGO2_ROV6_t1	21920317	10.5281/zenodo.21920317	https://doi.org/10.5281/zenodo.21920317	https://zenodo.org/api/records/21920317/files/TANGO2_ROV6_1_029.png/content	2026-08-13 15:45:57.460086	success	NA
TANGO2_ROV6_1_030.png	TANGO2_ROV6_t1	21920319	10.5281/zenodo.21920319	https://doi.org/10.5281/zenodo.21920319	https://zenodo.org/api/records/21920319/files/TANGO2_ROV6_1_030.png/content	2026-08-13 15:46:01.651533	success	NA
TANGO2_ROV6_1_031.png	TANGO2_ROV6_t1	21920321	10.5281/zenodo.21920321	https://doi.org/10.5281/zenodo.21920321	https://zenodo.org/api/records/21920321/files/TANGO2_ROV6_1_031.png/content	2026-08-13 15:46:06.467628	success	NA
TANGO2_ROV6_1_032.png	TANGO2_ROV6_t1	21920323	10.5281/zenodo.21920323	https://doi.org/10.5281/zenodo.21920323	https://zenodo.org/api/records/21920323/files/TANGO2_ROV6_1_032.png/content	2026-08-13 15:46:10.567034	success	NA
TANGO2_ROV6_1_034.png	TANGO2_ROV6_t1	21920327	10.5281/zenodo.21920327	https://doi.org/10.5281/zenodo.21920327	https://zenodo.org/api/records/21920327/files/TANGO2_ROV6_1_034.png/content	2026-08-13 15:46:15.173542	success	NA
TANGO2_ROV6_1_037.png	TANGO2_ROV6_t1	21920329	10.5281/zenodo.21920329	https://doi.org/10.5281/zenodo.21920329	https://zenodo.org/api/records/21920329/files/TANGO2_ROV6_1_037.png/content	2026-08-13 15:46:19.782111	success	NA
TANGO2_ROV6_1_038.png	TANGO2_ROV6_t1	21920331	10.5281/zenodo.21920331	https://doi.org/10.5281/zenodo.21920331	https://zenodo.org/api/records/21920331/files/TANGO2_ROV6_1_038.png/content	2026-08-13 15:46:24.097813	success	NA
TANGO2_ROV6_1_039.png	TANGO2_ROV6_t1	21920333	10.5281/zenodo.21920333	https://doi.org/10.5281/zenodo.21920333	https://zenodo.org/api/records/21920333/files/TANGO2_ROV6_1_039.png/content	2026-08-13 15:46:29.435314	success	NA
TANGO2_ROV6_1_040.png	TANGO2_ROV6_t1	21920337	10.5281/zenodo.21920337	https://doi.org/10.5281/zenodo.21920337	https://zenodo.org/api/records/21920337/files/TANGO2_ROV6_1_040.png/content	2026-08-13 15:46:33.607142	success	NA
TANGO2_ROV6_1_041.png	TANGO2_ROV6_t1	21920340	10.5281/zenodo.21920340	https://doi.org/10.5281/zenodo.21920340	https://zenodo.org/api/records/21920340/files/TANGO2_ROV6_1_041.png/content	2026-08-13 15:46:38.465041	success	NA
TANGO2_ROV6_1_042.png	TANGO2_ROV6_t1	21920342	10.5281/zenodo.21920342	https://doi.org/10.5281/zenodo.21920342	https://zenodo.org/api/records/21920342/files/TANGO2_ROV6_1_042.png/content	2026-08-13 15:46:43.53875	success	NA
TANGO2_ROV6_1_043.png	TANGO2_ROV6_t1	21920344	10.5281/zenodo.21920344	https://doi.org/10.5281/zenodo.21920344	https://zenodo.org/api/records/21920344/files/TANGO2_ROV6_1_043.png/content	2026-08-13 15:46:47.943261	success	NA
TANGO2_ROV6_1_044.png	TANGO2_ROV6_t1	21920346	10.5281/zenodo.21920346	https://doi.org/10.5281/zenodo.21920346	https://zenodo.org/api/records/21920346/files/TANGO2_ROV6_1_044.png/content	2026-08-13 15:46:52.138071	success	NA
TANGO2_ROV6_1_045.png	TANGO2_ROV6_t1	21920348	10.5281/zenodo.21920348	https://doi.org/10.5281/zenodo.21920348	https://zenodo.org/api/records/21920348/files/TANGO2_ROV6_1_045.png/content	2026-08-13 15:46:56.850072	success	NA
TANGO2_ROV6_1_046.png	TANGO2_ROV6_t1	21920350	10.5281/zenodo.21920350	https://doi.org/10.5281/zenodo.21920350	https://zenodo.org/api/records/21920350/files/TANGO2_ROV6_1_046.png/content	2026-08-13 15:47:02.071605	success	NA
TANGO2_ROV6_1_047.png	TANGO2_ROV6_t1	21920354	10.5281/zenodo.21920354	https://doi.org/10.5281/zenodo.21920354	https://zenodo.org/api/records/21920354/files/TANGO2_ROV6_1_047.png/content	2026-08-13 15:47:06.884717	success	NA
TANGO2_ROV6_1_048.png	TANGO2_ROV6_t1	21920358	10.5281/zenodo.21920358	https://doi.org/10.5281/zenodo.21920358	https://zenodo.org/api/records/21920358/files/TANGO2_ROV6_1_048.png/content	2026-08-13 15:47:11.88402	success	NA
TANGO2_ROV6_1_049.png	TANGO2_ROV6_t1	21920360	10.5281/zenodo.21920360	https://doi.org/10.5281/zenodo.21920360	https://zenodo.org/api/records/21920360/files/TANGO2_ROV6_1_049.png/content	2026-08-13 15:47:16.713654	success	NA
TANGO2_ROV6_1_050.png	TANGO2_ROV6_t1	21920365	10.5281/zenodo.21920365	https://doi.org/10.5281/zenodo.21920365	https://zenodo.org/api/records/21920365/files/TANGO2_ROV6_1_050.png/content	2026-08-13 15:47:21.01603	success	NA
TANGO2_ROV6_1_054.png	TANGO2_ROV6_t1	21920367	10.5281/zenodo.21920367	https://doi.org/10.5281/zenodo.21920367	https://zenodo.org/api/records/21920367/files/TANGO2_ROV6_1_054.png/content	2026-08-13 15:47:26.238611	success	NA
TANGO2_ROV6_1_055.png	TANGO2_ROV6_t1	21920369	10.5281/zenodo.21920369	https://doi.org/10.5281/zenodo.21920369	https://zenodo.org/api/records/21920369/files/TANGO2_ROV6_1_055.png/content	2026-08-13 15:47:32.381099	success	NA
TANGO2_ROV6_1_056.png	TANGO2_ROV6_t1	21920371	10.5281/zenodo.21920371	https://doi.org/10.5281/zenodo.21920371	https://zenodo.org/api/records/21920371/files/TANGO2_ROV6_1_056.png/content	2026-08-13 15:47:38.815716	success	NA
TANGO2_ROV6_1_057.png	TANGO2_ROV6_t1	21920374	10.5281/zenodo.21920374	https://doi.org/10.5281/zenodo.21920374	https://zenodo.org/api/records/21920374/files/TANGO2_ROV6_1_057.png/content	2026-08-13 15:47:44.468429	success	NA
TANGO2_ROV6_1_058.png	TANGO2_ROV6_t1	21920378	10.5281/zenodo.21920378	https://doi.org/10.5281/zenodo.21920378	https://zenodo.org/api/records/21920378/files/TANGO2_ROV6_1_058.png/content	2026-08-13 15:47:50.607025	success	NA
TANGO2_ROV6_1_059.png	TANGO2_ROV6_t1	21920381	10.5281/zenodo.21920381	https://doi.org/10.5281/zenodo.21920381	https://zenodo.org/api/records/21920381/files/TANGO2_ROV6_1_059.png/content	2026-08-13 15:47:55.661879	success	NA
TANGO2_ROV7_t1_1_056.png	TANGO2_ROV7	21920387	10.5281/zenodo.21920387	https://doi.org/10.5281/zenodo.21920387	https://zenodo.org/api/records/21920387/files/TANGO2_ROV7_t1_1_056.png/content	2026-08-13 15:48:00.234412	success	NA
TANGO2_ROV7_t1_1_057.png	TANGO2_ROV7	21920389	10.5281/zenodo.21920389	https://doi.org/10.5281/zenodo.21920389	https://zenodo.org/api/records/21920389/files/TANGO2_ROV7_t1_1_057.png/content	2026-08-13 15:48:06.204487	success	NA
TANGO2_ROV7_t1_1_058.png	TANGO2_ROV7	21920392	10.5281/zenodo.21920392	https://doi.org/10.5281/zenodo.21920392	https://zenodo.org/api/records/21920392/files/TANGO2_ROV7_t1_1_058.png/content	2026-08-13 15:48:11.875778	success	NA
TANGO2_ROV7_t1_1_062.png	TANGO2_ROV7	21920395	10.5281/zenodo.21920395	https://doi.org/10.5281/zenodo.21920395	https://zenodo.org/api/records/21920395/files/TANGO2_ROV7_t1_1_062.png/content	2026-08-13 15:48:17.638807	success	NA
TANGO2_ROV7_t1_1_067.png	TANGO2_ROV7	21920399	10.5281/zenodo.21920399	https://doi.org/10.5281/zenodo.21920399	https://zenodo.org/api/records/21920399/files/TANGO2_ROV7_t1_1_067.png/content	2026-08-13 15:48:23.380195	success	NA
TANGO2_ROV7_t1_1_072.png	TANGO2_ROV7	21920401	10.5281/zenodo.21920401	https://doi.org/10.5281/zenodo.21920401	https://zenodo.org/api/records/21920401/files/TANGO2_ROV7_t1_1_072.png/content	2026-08-13 15:48:28.000235	success	NA
TANGO2_ROV7_t1_2_046.png	TANGO2_ROV7	21920403	10.5281/zenodo.21920403	https://doi.org/10.5281/zenodo.21920403	https://zenodo.org/api/records/21920403/files/TANGO2_ROV7_t1_2_046.png/content	2026-08-13 15:48:32.202204	success	NA
TANGO2_ROV7_t1_2_065.png	TANGO2_ROV7	21920405	10.5281/zenodo.21920405	https://doi.org/10.5281/zenodo.21920405	https://zenodo.org/api/records/21920405/files/TANGO2_ROV7_t1_2_065.png/content	2026-08-13 15:48:36.483263	success	NA
TANGO2_ROV7_t1_2_072.png	TANGO2_ROV7	21920409	10.5281/zenodo.21920409	https://doi.org/10.5281/zenodo.21920409	https://zenodo.org/api/records/21920409/files/TANGO2_ROV7_t1_2_072.png/content	2026-08-13 15:48:41.263687	success	NA
TANGO2_ROV7_t2_1_017.png	TANGO2_ROV7	21920415	10.5281/zenodo.21920415	https://doi.org/10.5281/zenodo.21920415	https://zenodo.org/api/records/21920415/files/TANGO2_ROV7_t2_1_017.png/content	2026-08-13 15:48:45.310318	success	NA
TANGO2_ROV7_t2_1_029.png	TANGO2_ROV7	21920419	10.5281/zenodo.21920419	https://doi.org/10.5281/zenodo.21920419	https://zenodo.org/api/records/21920419/files/TANGO2_ROV7_t2_1_029.png/content	2026-08-13 15:48:48.980853	success	NA
TANGO2_ROV7_t2_1_030.png	TANGO2_ROV7	21920422	10.5281/zenodo.21920422	https://doi.org/10.5281/zenodo.21920422	https://zenodo.org/api/records/21920422/files/TANGO2_ROV7_t2_1_030.png/content	2026-08-13 15:48:53.485788	success	NA
TANGO2_ROV7_t2_1_045.png	TANGO2_ROV7	21920424	10.5281/zenodo.21920424	https://doi.org/10.5281/zenodo.21920424	https://zenodo.org/api/records/21920424/files/TANGO2_ROV7_t2_1_045.png/content	2026-08-13 15:48:56.866758	success	NA
TANGO2_ROV7_t2_1_066.png	TANGO2_ROV7	21920426	10.5281/zenodo.21920426	https://doi.org/10.5281/zenodo.21920426	https://zenodo.org/api/records/21920426/files/TANGO2_ROV7_t2_1_066.png/content	2026-08-13 15:49:01.461319	success	NA
TANGO2_ROV7_t2_1_069.png	TANGO2_ROV7	21920430	10.5281/zenodo.21920430	https://doi.org/10.5281/zenodo.21920430	https://zenodo.org/api/records/21920430/files/TANGO2_ROV7_t2_1_069.png/content	2026-08-13 15:49:05.607944	success	NA
TANGO2_ROV7_t2_2_025.png	TANGO2_ROV7	21920432	10.5281/zenodo.21920432	https://doi.org/10.5281/zenodo.21920432	https://zenodo.org/api/records/21920432/files/TANGO2_ROV7_t2_2_025.png/content	2026-08-13 15:49:10.377269	success	NA
TANGO2_ROV7_t2_2_037.png	TANGO2_ROV7	21920434	10.5281/zenodo.21920434	https://doi.org/10.5281/zenodo.21920434	https://zenodo.org/api/records/21920434/files/TANGO2_ROV7_t2_2_037.png/content	2026-08-13 15:49:15.653719	success	NA
TANGO2_ROV7_t2_2_045.png	TANGO2_ROV7	21920436	10.5281/zenodo.21920436	https://doi.org/10.5281/zenodo.21920436	https://zenodo.org/api/records/21920436/files/TANGO2_ROV7_t2_2_045.png/content	2026-08-13 15:49:20.633976	success	NA
TANGO2_ROV7_t3_1_058.png	TANGO2_ROV7	21920440	10.5281/zenodo.21920440	https://doi.org/10.5281/zenodo.21920440	https://zenodo.org/api/records/21920440/files/TANGO2_ROV7_t3_1_058.png/content	2026-08-13 15:49:25.638416	success	NA
TANGO2_ROV7_t3_1_062.png	TANGO2_ROV7	21920446	10.5281/zenodo.21920446	https://doi.org/10.5281/zenodo.21920446	https://zenodo.org/api/records/21920446/files/TANGO2_ROV7_t3_1_062.png/content	2026-08-13 15:49:30.040252	success	NA
TANGO2_ROV7_t3_1_063.png	TANGO2_ROV7	21920449	10.5281/zenodo.21920449	https://doi.org/10.5281/zenodo.21920449	https://zenodo.org/api/records/21920449/files/TANGO2_ROV7_t3_1_063.png/content	2026-08-13 15:49:34.444672	success	NA
TANGO2_ROV7_t3_2_008.png	TANGO2_ROV7	21920454	10.5281/zenodo.21920454	https://doi.org/10.5281/zenodo.21920454	https://zenodo.org/api/records/21920454/files/TANGO2_ROV7_t3_2_008.png/content	2026-08-13 15:49:38.133398	success	NA
TANGO2_ROV7_t3_2_015.png	TANGO2_ROV7	21920458	10.5281/zenodo.21920458	https://doi.org/10.5281/zenodo.21920458	https://zenodo.org/api/records/21920458/files/TANGO2_ROV7_t3_2_015.png/content	2026-08-13 15:49:43.863506	success	NA
TANGO2_ROV7_t3_2_024.png	TANGO2_ROV7	21920460	10.5281/zenodo.21920460	https://doi.org/10.5281/zenodo.21920460	https://zenodo.org/api/records/21920460/files/TANGO2_ROV7_t3_2_024.png/content	2026-08-13 15:49:50.544763	success	NA
TANGO2_ROV9_1_020.png	TANGO2_ROV9	21920466	10.5281/zenodo.21920466	https://doi.org/10.5281/zenodo.21920466	https://zenodo.org/api/records/21920466/files/TANGO2_ROV9_1_020.png/content	2026-08-13 15:49:54.618462	success	NA
TANGO2_ROV9_1_022.png	TANGO2_ROV9	21920471	10.5281/zenodo.21920471	https://doi.org/10.5281/zenodo.21920471	https://zenodo.org/api/records/21920471/files/TANGO2_ROV9_1_022.png/content	2026-08-13 15:49:59.84271	success	NA
TANGO2_ROV9_1_028.png	TANGO2_ROV9	21920475	10.5281/zenodo.21920475	https://doi.org/10.5281/zenodo.21920475	https://zenodo.org/api/records/21920475/files/TANGO2_ROV9_1_028.png/content	2026-08-13 15:50:05.88329	success	NA
TANGO2_ROV9_1_044.png	TANGO2_ROV9	21920479	10.5281/zenodo.21920479	https://doi.org/10.5281/zenodo.21920479	https://zenodo.org/api/records/21920479/files/TANGO2_ROV9_1_044.png/content	2026-08-13 15:50:11.033154	success	NA
TANGO2_ROV9_1_046.png	TANGO2_ROV9	21920483	10.5281/zenodo.21920483	https://doi.org/10.5281/zenodo.21920483	https://zenodo.org/api/records/21920483/files/TANGO2_ROV9_1_046.png/content	2026-08-13 15:50:16.0192	success	NA
TANGO2_ROV9_1_052.png	TANGO2_ROV9	21920485	10.5281/zenodo.21920485	https://doi.org/10.5281/zenodo.21920485	https://zenodo.org/api/records/21920485/files/TANGO2_ROV9_1_052.png/content	2026-08-13 15:50:20.528458	success	NA
TANGO2_ROV9_1_058.png	TANGO2_ROV9	21920487	10.5281/zenodo.21920487	https://doi.org/10.5281/zenodo.21920487	https://zenodo.org/api/records/21920487/files/TANGO2_ROV9_1_058.png/content	2026-08-13 15:50:26.050636	success	NA
TANGO2_ROV9_1_065.png	TANGO2_ROV9	21920490	10.5281/zenodo.21920490	https://doi.org/10.5281/zenodo.21920490	https://zenodo.org/api/records/21920490/files/TANGO2_ROV9_1_065.png/content	2026-08-13 15:50:31.277682	success	NA
TANGO2_ROV9_1_070.png	TANGO2_ROV9	21920492	10.5281/zenodo.21920492	https://doi.org/10.5281/zenodo.21920492	https://zenodo.org/api/records/21920492/files/TANGO2_ROV9_1_070.png/content	2026-08-13 15:50:37.321635	success	NA
TANGO2_ROV9_2_004.png	TANGO2_ROV9_t1	21920494	10.5281/zenodo.21920494	https://doi.org/10.5281/zenodo.21920494	https://zenodo.org/api/records/21920494/files/TANGO2_ROV9_2_004.png/content	2026-08-13 15:50:42.743666	success	NA
TANGO2_ROV9_2_009.png	TANGO2_ROV9_t1	21920500	10.5281/zenodo.21920500	https://doi.org/10.5281/zenodo.21920500	https://zenodo.org/api/records/21920500/files/TANGO2_ROV9_2_009.png/content	2026-08-13 15:50:49.443788	success	NA
TANGO2_ROV9_2_021.png	TANGO2_ROV9_t1	21920502	10.5281/zenodo.21920502	https://doi.org/10.5281/zenodo.21920502	https://zenodo.org/api/records/21920502/files/TANGO2_ROV9_2_021.png/content	2026-08-13 15:50:54.663838	success	NA
TANGO2_ROV9_2_027.png	TANGO2_ROV9_t1	21920505	10.5281/zenodo.21920505	https://doi.org/10.5281/zenodo.21920505	https://zenodo.org/api/records/21920505/files/TANGO2_ROV9_2_027.png/content	2026-08-13 15:51:01.997409	success	NA
TANGO2_ROV9_4_028.png	TANGO2_ROV9_t3	21920509	10.5281/zenodo.21920509	https://doi.org/10.5281/zenodo.21920509	https://zenodo.org/api/records/21920509/files/TANGO2_ROV9_4_028.png/content	2026-08-13 15:51:07.02365	success	NA
TANGO2_ROV9_4_033.png	TANGO2_ROV9_t3	21920514	10.5281/zenodo.21920514	https://doi.org/10.5281/zenodo.21920514	https://zenodo.org/api/records/21920514/files/TANGO2_ROV9_4_033.png/content	2026-08-13 15:51:12.341237	success	NA
TANGO2_ROV9_4_044.png	TANGO2_ROV9_t3	21920517	10.5281/zenodo.21920517	https://doi.org/10.5281/zenodo.21920517	https://zenodo.org/api/records/21920517/files/TANGO2_ROV9_4_044.png/content	2026-08-13 15:51:17.666663	success	NA
TANGO2_ROV9_4_052.png	TANGO2_ROV9_t3	21920519	10.5281/zenodo.21920519	https://doi.org/10.5281/zenodo.21920519	https://zenodo.org/api/records/21920519/files/TANGO2_ROV9_4_052.png/content	2026-08-13 15:51:22.992832	success	NA
TANGO2_ROV9_4_061.png	TANGO2_ROV9_t3	21920521	10.5281/zenodo.21920521	https://doi.org/10.5281/zenodo.21920521	https://zenodo.org/api/records/21920521/files/TANGO2_ROV9_4_061.png/content	2026-08-13 15:51:29.542021	success	NA
TANGO2_ROV9_4_070.png	TANGO2_ROV9_t3	21920524	10.5281/zenodo.21920524	https://doi.org/10.5281/zenodo.21920524	https://zenodo.org/api/records/21920524/files/TANGO2_ROV9_4_070.png/content	2026-08-13 15:51:34.86863	success	NA
TANGO2_ROV9_5_006.png	TANGO2_ROV9	21920530	10.5281/zenodo.21920530	https://doi.org/10.5281/zenodo.21920530	https://zenodo.org/api/records/21920530/files/TANGO2_ROV9_5_006.png/content	2026-08-13 15:51:41.011498	success	NA
TANGO2_ROV9_5_015.png	TANGO2_ROV9	21920533	10.5281/zenodo.21920533	https://doi.org/10.5281/zenodo.21920533	https://zenodo.org/api/records/21920533/files/TANGO2_ROV9_5_015.png/content	2026-08-13 15:51:45.827356	success	NA
TANGO2_ROV9_5_024.png	TANGO2_ROV9	21920535	10.5281/zenodo.21920535	https://doi.org/10.5281/zenodo.21920535	https://zenodo.org/api/records/21920535/files/TANGO2_ROV9_5_024.png/content	2026-08-13 15:51:49.816335	success	NA
TANGO2_ROV9_5_033.png	TANGO2_ROV9	21920537	10.5281/zenodo.21920537	https://doi.org/10.5281/zenodo.21920537	https://zenodo.org/api/records/21920537/files/TANGO2_ROV9_5_033.png/content	2026-08-13 15:51:54.936677	success	NA
TANGO2_ROV9_5_053.png	TANGO2_ROV9	21920539	10.5281/zenodo.21920539	https://doi.org/10.5281/zenodo.21920539	https://zenodo.org/api/records/21920539/files/TANGO2_ROV9_5_053.png/content	2026-08-13 15:52:00.267188	success	NA
TANGO2_ROV9_5_055.png	TANGO2_ROV9	21920543	10.5281/zenodo.21920543	https://doi.org/10.5281/zenodo.21920543	https://zenodo.org/api/records/21920543/files/TANGO2_ROV9_5_055.png/content	2026-08-13 15:52:06.408822	success	NA
TANGO2_ROV9_5_061.png	TANGO2_ROV9	21920549	10.5281/zenodo.21920549	https://doi.org/10.5281/zenodo.21920549	https://zenodo.org/api/records/21920549/files/TANGO2_ROV9_5_061.png/content	2026-08-13 15:52:14.399135	success	NA
TANGO2_ROV9_5_068.png	TANGO2_ROV9	21920551	10.5281/zenodo.21920551	https://doi.org/10.5281/zenodo.21920551	https://zenodo.org/api/records/21920551/files/TANGO2_ROV9_5_068.png/content	2026-08-13 15:52:21.461887	success	NA
TANGO2_ROV9_5_073.png	TANGO2_ROV9	21920555	10.5281/zenodo.21920555	https://doi.org/10.5281/zenodo.21920555	https://zenodo.org/api/records/21920555/files/TANGO2_ROV9_5_073.png/content	2026-08-13 15:52:28.324466	success	NA
TANGO2_ROV9_6_006.png	TANGO2_ROV9	21920559	10.5281/zenodo.21920559	https://doi.org/10.5281/zenodo.21920559	https://zenodo.org/api/records/21920559/files/TANGO2_ROV9_6_006.png/content	2026-08-13 15:52:34.981844	success	NA
TANGO2_ROV9_6_012.png	TANGO2_ROV9	21920565	10.5281/zenodo.21920565	https://doi.org/10.5281/zenodo.21920565	https://zenodo.org/api/records/21920565/files/TANGO2_ROV9_6_012.png/content	2026-08-13 15:52:40.216134	success	NA
TANGO2_ROV9_6_018.png	TANGO2_ROV9	21920569	10.5281/zenodo.21920569	https://doi.org/10.5281/zenodo.21920569	https://zenodo.org/api/records/21920569/files/TANGO2_ROV9_6_018.png/content	2026-08-13 15:52:45.219365	success	NA
TANGO2_ROV9_6_030.png	TANGO2_ROV9	21920573	10.5281/zenodo.21920573	https://doi.org/10.5281/zenodo.21920573	https://zenodo.org/api/records/21920573/files/TANGO2_ROV9_6_030.png/content	2026-08-13 15:52:49.931066	success	NA
TANGO2_ROV9_6_036.png	TANGO2_ROV9	21920575	10.5281/zenodo.21920575	https://doi.org/10.5281/zenodo.21920575	https://zenodo.org/api/records/21920575/files/TANGO2_ROV9_6_036.png/content	2026-08-13 15:52:54.883171	success	NA
