id,name,parent_id,color,label_tree_id,source_id
376172,2D,376194,69fe79,2564,
376173,3D,376194,54a0eb,2564,
376174,Acorn,376191,e70411,2564,
376175,"Acorn worms",376536,f5cf45,2564,
376176,Arborescent,376313,f66bb8,2564,
376177,Arborescent,376390,e9190e,2564,
376178,"Articulated calcareous",376368,52bef9,2564,
376179,ascidian_msp1,376478,6a4401,2564,
376180,ascidian_msp2,376478,ffd500,2564,
376181,ascidian_msp3,376478,f8ffc7,2564,
376182,ascidian_msp4,376478,6babef,2564,
376183,ascidian_msp5,376478,ff8e7a,2564,
376184,Ascidians,376199,d7ea4b,2564,
376185,Asteroidea,376286,f98133,2564,
376186,Attached,376480,21f68d,2564,
376187,"Bacterial mats",376199,69f0ba,2564,
376188,Balls,376372,1430ec,2564,
376189,banana_star_msp7,376185,fdf5a0,2564,
376190,"Barnacle plates",376198,f3c064,2564,
376191,Barnacles,376269,dbf249,2564,
376192,Barrels,376274,6b92ec,2564,
376193,"Basket stars",376395,ea35ed,2564,
376194,Bedforms,376417,db41f7,2564,
376195,beige_bivalve_msp1,376388,8d9d53,2564,
376196,Benthic,376344,e82001,2564,
376197,big_spotted_star_msp14,376185,f93434,2564,
376198,Biologenic,376412,4739f1,2564,
376199,Biota,,ae00ff,2564,
376200,Bioturbated,376194,eebb39,2564,
376201,Bioturbation,376199,f2582f,2564,
376202,Bivalves,376379,4ef583,2564,
376203,"Black & Octocorals",376256,e62b47,2564,
376204,"Blue coral (Heliopora)",376203,a258f4,2564,
376205,"Bony fishes",376310,fedc44,2564,
376206,Bottle-brush,376390,ed50dc,2564,
376207,Bottlebrush,376495,6af1df,2564,
376208,Boulders,376252,7a7a7a,2564,
376209,Brachiopods,376199,2925e9,2564,
376210,Branching,376298,ff4ddb,2564,
376211,Branching,376495,04d7fd,2564,
376212,Branching,376345,eb23bd,2564,
376213,Branching,376335,9748f6,2564,
376214,"Branching (3D)",376203,f746db,2564,
376215,branching_red_algae_msp1,376433,f748ca,2564,
376216,branching_red_algae_msp2,376433,8d0202,2564,
376217,"Brittle / snake stars",376395,62b9e6,2564,
376218,brittle_msp1,376217,62b9e6,2564,
376219,Brown,376322,95560f,2564,
376220,Brown,376354,95560f,2564,
376221,Brown,376355,95560f,2564,
376222,Brown,376295,9a5718,2564,
376223,Brown,376299,95560f,2564,
376224,Brown,376300,95560f,2564,
376225,Brown,376306,95560f,2564,
376226,brown_bivalve_msp3,376388,607be6,2564,
376227,brown_sheet_algae,376460,985b1a,2564,
376228,brown_star_msp9,376185,612700,2564,
376229,Bryozoa,376199,46e5ab,2564,
376230,"Burrow cluster",376285,3eec26,2564,
376231,Burrowers,376202,c262e6,2564,
376232,Bushy,376390,48f01a,2564,
376233,Calcareous,376436,f047d0,2564,
376234,carrot_star_msp4,376185,f98133,2564,
376235,Cephalopods,376379,4ef583,2564,
376236,Chimaeras,376289,ef1cc4,2564,
376237,Chitons,376379,63e9d9,2564,
376238,chunky_orange_star_msp16,376185,f98133,2564,
376239,chunky_star_msp11,376185,ffeb0f,2564,
376240,clam_msp2,376388,e66060,2564,
376241,Cnidaria,376199,e64866,2564,
376242,"Coarse sand (with shell fragments)",376454,8ee60c,2564,
376243,Cobbles,376252,bcb7c3,2564,
376244,"Coiled casts",376528,66fb60,2564,
376245,Colonial,376519,0658ef,2564,
376246,Colonial,376491,2b04e6,2564,
376247,"Colonial anemones",376241,6e6eec,2564,
376248,Columnar,376495,efe25f,2564,
376249,Complex,376206,e3e824,2564,
376250,Complex,376305,0733f5,2564,
376251,"Complex trail",376264,2258fd,2564,
376252,"Consolidated (hard)",376499,474847,2564,
376253,"Coquina / shellhash",376198,46f84c,2564,
376254,"Coral rubble",376198,43f570,2564,
376255,Corallimorphs,376247,23ee58,2564,
376256,Corals,376241,ef6ad6,2564,
376257,Corymbose,376495,f6222e,2564,
376258,"covered by algae",376517,8a8891,2564,
376259,"covered by shells",376517,6bff66,2564,
376260,"covered by shells/algae",376517,8a8891,2564,
376261,Crabs,376269,edf672,2564,
376262,"Crater cone",376285,3cfa32,2564,
376263,"Crater row",376264,ba31fa,2564,
376264,Crawling_traces,376201,f2297c,2564,
376265,"Creeping / ramose",376268,e6bb67,2564,
376266,crino_msp1,376520,0f8bf5,2564,
376267,Crinoids,376286,a0f810,2564,
376268,Crust-like,376485,5178e9,2564,
376269,Crustacea,376199,0d7bec,2564,
376270,Cryptic,376372,ea15dc,2564,
376271,Ctenophores,376351,c406e6,2564,
376272,Cubozoa,376351,5bf8a6,2564,
376273,"Cup / goblet",376275,4565e6,2564,
376274,Cup-like,376485,f4646b,2564,
376275,Cups,376274,309bf2,2564,
376276,"Curly casts",376528,c7e95d,2564,
376277,Cuttlefish,376235,50f0be,2564,
376278,Cyanobacteria,376187,ea1fec,2564,
376279,Dendroid,376477,d12deb,2564,
376280,desmarestia_msp1,376224,95560f,2564,
376281,desmarestia_msp2,376223,92950f,2564,
376282,Digitate,376495,42e6c2,2564,
376283,"Disturbed trace",376264,6bfe74,2564,
376284,Doris_kerguelenensis,376392,5edece,2564,
376285,"Dwelling traces",376201,e77916,2564,
376286,Echinoderms,376199,f937fb,2564,
376287,Echiura,376536,41d5e7,2564,
376288,Eels,376310,63eadd,2564,
376289,Elasmobranchs,376310,a77bf8,2564,
376290,"Elliptical leaves",376458,c37cfd,2564,
376291,"Elongate depression",376285,2bd9f0,2564,
376292,Encrusting,376268,26d0ff,2564,
376293,Encrusting,376203,da04e7,2564,
376294,Encrusting,376495,72ecbd,2564,
376295,Encrusting,376368,78fdcd,2564,
376296,Encrusting,376335,935af2,2564,
376297,"Endolithic / bioeroding",376268,5afa92,2564,
376298,Erect,376485,3956e6,2564,
376299,Erect_coarse_branching,376368,2bb4f8,2564,
376300,Erect_fine_branching,376368,1d38e6,2564,
376301,"Fan (2D)",376203,f3ab36,2564,
376302,"Feeding traces",376201,c30df2,2564,
376303,Fenestrate,376335,ef9448,2564,
376304,Fern,376518,eb24fa,2564,
376305,Fern-frond,376301,45e1fd,2564,
376306,"Filamentous / filiform",376368,e93ee4,2564,
376307,"Fine sand (no shell fragments)",376454,e94c84,2564,
376308,fine_orange_msp4,376464,5ce6cf,2564,
376309,finger_sponge_msp1,376210,ec9418,2564,
376310,Fishes,376199,50f6ec,2564,
376311,Flat,376442,0635ec,2564,
376312,Flatworms,376536,b8ec4c,2564,
376313,Fleshy,376214,e9f41e,2564,
376314,Flytrap,376509,f26a85,2564,
376315,Foliaceous,376477,e7c71d,2564,
376316,"Foliose / plate",376495,3f54f6,2564,
376317,Fourlobed,376509,15e6aa,2564,
376318,"Fractured mound",376285,01a9e5,2564,
376319,Free-living,376480,c3f151,2564,
376320,Gastropoda,376379,63e9d9,2564,
376321,glitter_star_msp3,376185,ffffff,2564,
376322,"Globose / saccate",376368,35c4fe,2564,
376323,"Globule xenophyophore",376400,f22021,2564,
376324,glyptonotus_antarcticus,376350,ed0c0c,2564,
376325,"Gravel (2-10mm)",376412,f46281,2564,
376326,Green,376178,53f95e,2564,
376327,Green,376354,25ee43,2564,
376328,Green,376299,39c615,2564,
376329,Green,376300,39c615,2564,
376330,Green,376306,39c615,2564,
376331,Green,376322,3bc823,2564,
376332,Green,376460,3bc823,2564,
376333,green_encr_algae,376295,5ef878,2564,
376334,green_sheet_algae_msp1,376332,3bc823,2564,
376335,Hard,376229,31e5fb,2564,
376336,"Hermit crabs",376269,f28442,2564,
376337,High,376442,24f497,2564,
376338,"High (>3m)",376337,0575f8,2564,
376339,himantothallus_msp1,376221,95560f,2564,
376340,holoth_msp1,376196,5900ff,2564,
376341,holoth_msp2,376196,ffffff,2564,
376342,holoth_msp3,376196,e82001,2564,
376343,holoth_msp4,376196,e9c301,2564,
376344,Holothurians,376286,ec9a26,2564,
376345,Hydrocorals,376241,d95ef8,2564,
376346,Hydroids,376241,42f36c,2564,
376347,Hydromedusae,376351,0afefc,2564,
376348,"Incomplete cup / curled fan",376275,33ff5f,2564,
376349,"Irregular urchins",376524,2409fd,2564,
376350,Isopods,376269,ed0c0c,2564,
376351,Jellies,376199,89ed3c,2564,
376352,"King crabs",376261,1a9afb,2564,
376353,Laminar,376298,1721e6,2564,
376354,Laminate,376368,f3365f,2564,
376355,"Large canopy-forming",376368,aae964,2564,
376356,"Large depression",376443,e535f7,2564,
376357,"Large mound",376285,9ef15d,2564,
376358,"Large rosette",376302,41f7e5,2564,
376359,large_yellow_msp3,376464,5ce6cf,2564,
376360,laternula,376231,c262e6,2564,
376361,light_brown_star_msp15,376185,34adf9,2564,
376362,limpet_msp1,376511,f0f279,2564,
376363,limpet_msp2,376511,60e3d2,2564,
376364,Lobsters,376269,816af5,2564,
376365,"Low (<1m)",376366,75eb8f,2564,
376366,"Low / moderate",376442,ef67f6,2564,
376367,"Lumpy xenophyophore",376400,4e14e7,2564,
376368,Macroalgae,376199,0b0feb,2564,
376369,"Margarella antarctica",376320,63e9d9,2564,
376370,Massive,376495,eac716,2564,
376371,Massive,376335,195cf0,2564,
376372,Massive,376485,4268f4,2564,
376373,"Massive soft corals",376203,e96467,2564,
376374,Matchstick,376518,9b57f6,2564,
376375,medium_yellow_star_msp13,376185,f8df9b,2564,
376376,Mesh,376518,3df37d,2564,
376378,"Moderate (1-3m)",376366,00caf3,2564,
376379,Molluscs,376199,4ef583,2564,
376380,"Mounded casts",376528,a6e763,2564,
376381,"Mounded trail",376264,b9e839,2564,
376382,"Mud / silt (<64um)",376454,07ef90,2564,
376383,Mushroom,376313,0cedb1,2564,
376384,"Mushroom (Fungiidae)",376480,e8663e,2564,
376385,nacella,376511,60e3d2,2564,
376386,Nemertea,376536,5ddcfe,2564,
376387,"Nest casts",376528,5ef742,2564,
376388,Non-burrowers,376202,c262e6,2564,
376389,Non-calcareous,376436,f047d0,2564,
376390,Non-fleshy,376214,fa0d67,2564,
376391,None,376194,1828f7,2564,
376392,Nudibranchia,376320,5edece,2564,
376393,"Oblique burrow",376285,fa4e05,2564,
376394,Octopods,376235,4030f5,2564,
376395,Ophiuroids,376286,41faf8,2564,
376396,orange_anemone_msp1,376403,f29a02,2564,
376397,orange_blob_msp5,376463,f5a519,2564,
376399,"Organ pipe coral (Tubipora)",376203,fb23b3,2564,
376400,"Organism tests",376201,f61ee7,2564,
376402,Other,376187,9028e7,2564,
376403,"Other anemones",376509,50f302,2564,
376404,"Other polychaetes",376422,dc63e7,2564,
376406,"Ovoid pinnate",376518,840eec,2564,
376407,"Paired burrow",376285,c5ee6c,2564,
376408,Palmate,376298,f959ff,2564,
376409,parborlasia_aggr,376386,5ddcfe,2564,
376410,parborlasia_corrugatus,376386,5ddcfe,2564,
376411,"Pebble (10-64mm)",376412,3df890,2564,
376412,pebble_gravel,376516,e5b663,2564,
376413,"Pelagic / swimming",376344,f66f90,2564,
376414,Penisworms,376536,3042f7,2564,
376415,"Perforated trail",376264,57eb80,2564,
376416,"Petal rosette",376302,9bfc7b,2564,
376417,Physical,,ffffff,2564,
376418,"Pincushion rosette",376302,5749e6,2564,
376419,pink_encr_algae,376233,f047d0,2564,
376420,pink_star_msp1,376185,ff00f7,2564,
376421,Pogostick,376518,c672fa,2564,
376422,Polychaetes,376536,0a8ce8,2564,
376423,"Porcelain crabs",376261,46baf9,2564,
376424,"Prawns / shrimps / mysids",376269,38efac,2564,
376425,Pyrosomes,376351,43b3f5,2564,
376426,"Quill (seapen)",376203,6573f1,2564,
376427,"Rayed mound",376302,5efb97,2564,
376428,"Rays & skates",376289,39b4fd,2564,
376429,Red,376460,f748ca,2564,
376430,Red,376354,f748ca,2564,
376431,Red,376322,f748ca,2564,
376432,Red,376306,d839d4,2564,
376433,Red,376300,f748ca,2564,
376434,Red,376178,f748ca,2564,
376435,Red,376299,f849ca,2564,
376436,Red,376295,f047d0,2564,
376438,red_or_brown_sheet_algae,376460,e558c1,2564,
376439,red_sheet_msp1,376429,f74a4a,2564,
376440,red_sheet_msp2,376429,f74a4a,2564,
376441,"Regular urchins",376524,fead15,2564,
376442,Relief,376417,6cbff7,2564,
376443,"Resting traces",376201,f6de45,2564,
376444,Rhodoliths,376198,f75332,2564,
376445,Rigid,376301,5dfd69,2564,
376446,"Ripples (<10cm height)",376172,0776f6,2564,
376447,"Ripples (<10cm height)",376173,69a7fc,2564,
376448,Rock,376252,000000,2564,
376449,"Rock lobsters",376364,619cee,2564,
376450,"Round casts",376528,41d1f8,2564,
376451,"Round pinnate",376518,ed3c54,2564,
376452,"Rounded crater ring",376285,6d7ded,2564,
376453,Salps,376351,45e9ea,2564,
376454,sand_or_mud_max2mm,376516,dce86f,2564,
376455,Screwshells,376198,e3fd77,2564,
376456,Scyphozoa,376351,ec0dc0,2564,
376457,"Sea spiders",376199,4255ed,2564,
376458,Seagrasses,376199,fc4d0a,2564,
376459,Sharks,376289,f56a18,2564,
376460,"Sheet-like / membraneous",376368,e558c1,2564,
376461,Simple,376206,ee160b,2564,
376462,Simple,376305,f165cd,2564,
376463,Simple,376372,bbf61a,2564,
376464,Simple,376298,5ce6cf,2564,
376465,"Single burrow",376285,d6e763,2564,
376466,Siphonophores,376351,8fe60e,2564,
376467,Sipuncula,376536,edb374,2564,
376468,Skeleton,376441,ffffff,2564,
376469,skinny_white_star_msp12,376185,ffffff,2564,
376470,skinny_yellow_star_msp10,376185,f9f234,2564,
376471,"Slipper lobsters / bugs",376364,e66021,2564,
376472,"Small mound",376285,c8f85d,2564,
376473,"Small rosette",376302,4b5deb,2564,
376474,small_pink_worm_msp1,376536,fd9eff,2564,
376475,small_white_worm_msp2,376536,ffffff,2564,
376476,small_yellow_star_msp6,376185,fff94d,2564,
376477,Soft,376229,56ee16,2564,
376478,Solitary,376519,776def,2564,
376479,Solitary,376491,84f762,2564,
376480,Solitary,376495,9642fb,2564,
376481,Spider,376518,68dde8,2564,
376482,"Spiked crater ring",376285,d45bf4,2564,
376483,spiky_ball_sponge_msp6,376188,1430ec,2564,
376484,Spirals,376528,f3ce56,2564,
376485,Sponges,376199,4cf739,2564,
376486,"Spotted mound",376285,7196e8,2564,
376487,"Squat lobsters",376364,32e7f1,2564,
376488,Squid,376235,06a7e6,2564,
376489,Staghorn,376495,bc6cee,2564,
376490,Stalked,376191,ede15f,2564,
376491,Stalked,376184,e5f54a,2564,
376492,Stalked,376298,73ff96,2564,
376493,"Stalked crinoids",376267,e7e61b,2564,
376494,Star_impression,376443,4067eb,2564,
376495,"Stony corals",376256,ef862c,2564,
376496,"Strap-like leaves",376458,e851dd,2564,
376497,Sub-massive,376495,3460f1,2564,
376498,"Submassive / encrusting",376345,7110fb,2564,
376499,Substrate,376417,b4a2af,2564,
376500,sun_star_msp2,376185,fdb98b,2564,
376501,Switchbacks,376528,5dcefe,2564,
376502,"Tables / discs",376275,ff524d,2564,
376503,Tabulate,376495,eb58a6,2564,
376504,Terebellidae,376514,4893f2,2564,
376505,"Thick trail",376264,3be880,2564,
376506,"Thin trail",376264,2dd7ec,2564,
376508,"Trapdoor burrow",376285,ceef0b,2564,
376509,"True anemones",376241,90fd3b,2564,
376510,"True crabs",376261,16fa4b,2564,
376511,"True limpets",376320,60e3d2,2564,
376512,"True lobsters",376364,2ee9df,2564,
376513,"Tube anemones",376241,ec42b8,2564,
376514,"Tube worms",376422,4893f2,2564,
376515,"Tubes and chimneys",376274,aaf23d,2564,
376516,"Unconsolidated (soft)",376499,e1d9a3,2564,
376517,unknown,376499,8a8891,2564,
376518,"Unknown origin",376201,ec30e9,2564,
376519,Unstalked,376184,4a22f0,2564,
376520,"Unstalked crinoids",376267,0f8bf5,2564,
376521,"Urchin test",376400,f61ee7,2564,
376522,"Urchin trace",376443,3e28f3,2564,
376523,urchin_msp1,376441,700061,2564,
376524,Urchins,376286,7c2be8,2564,
376525,"Vertical burrow",376285,ea0f23,2564,
376527,Wall,376337,f96c08,2564,
376528,"Waste casts",376201,b22aef,2564,
376529,"Waves (>10cm height)",376172,52e6b8,2564,
376530,"Waves (>10cm height)",376173,f711f0,2564,
376531,"Wavy casts",376528,a520f0,2564,
376532,Whip,376203,91f71a,2564,
376533,white_star_msp8,376185,ffffff,2564,
376534,"With anemones",376336,1864f0,2564,
376535,"With shell or stone home",376336,fe09f5,2564,
376536,Worms,376199,5ddcfe,2564,
376538,yellow_anemone_msp2,376403,b2f202,2564,
376539,yellow_blob_msp2,376463,bbf61a,2564,
376540,yellow_star_msp5,376185,dbbe00,2564,
376541,Zoanthids,376247,f26eb0,2564,
